-- phpMyAdmin SQL Dump
-- version 5.1.1
-- https://www.phpmyadmin.net/
--
-- 主機： 127.0.0.1
-- 產生時間： 2021 年 06 月 26 日 17:34
-- 伺服器版本： 10.4.19-MariaDB
-- PHP 版本： 8.0.7

SET SQL_MODE = "NO_AUTO_VALUE_ON_ZERO";
START TRANSACTION;
SET time_zone = "+00:00";


/*!40101 SET @OLD_CHARACTER_SET_CLIENT=@@CHARACTER_SET_CLIENT */;
/*!40101 SET @OLD_CHARACTER_SET_RESULTS=@@CHARACTER_SET_RESULTS */;
/*!40101 SET @OLD_COLLATION_CONNECTION=@@COLLATION_CONNECTION */;
/*!40101 SET NAMES utf8mb4 */;

--
-- 資料庫: `database`
--

-- --------------------------------------------------------

--
-- 資料表結構 `users`
--

CREATE TABLE `users` (
  `password` text NOT NULL,
  `username` varchar(16) NOT NULL
) ENGINE=InnoDB DEFAULT CHARSET=utf8;

--
-- 傾印資料表的資料 `users`
--

INSERT INTO `users` (`password`, `username`) VALUES
('$2y$10$3ICcXznDaxJoOy.OEzsCkOAXjX.svIMPynPOCXMuTumL1osz7jiAi', 'aaa'),
('$2y$10$Qd5GMwzTOSg7dQtTT3BN8OWXvox3L.B82iI/k/o2tf2dDzXw/bT.K', 'root'),
('$2y$10$fPxFFqAt1vqjDTsmxDg10.zwzIenkCxiNMlyMgpfj3E/iFFMz4ek.', 'test1'),
('$2y$10$C.uMSZuXcsOpVSf4/V5spezfefbbRzXv0cKEerxFmHFr62FGYx4u.', 'test2'),
('$2y$10$yRDgG313oxYRkjLWAKY5nuwm0pZhZBDTjSLHonaPaP9B2g0v0KW5C', 'test3'),
('$2y$10$ZcaLtRIhN05575EXxu3f2.evadFYYLSvhNGSxBW3OvTSpk4Vh/fmm', 'test4'),
('$2y$10$Cr6Q6flvZILpJbzPCB5Fg.ilX1CYRtuiMZ2Fp7eWc5GtF4k9dmp2G', 'test5'),
('$2y$10$3vluYKQEZm2hGazyErXA8OH74Jt0qGimrqGgZ1DpUxrN8J8I34fdi', 'test6');

-- --------------------------------------------------------

--
-- 資料表結構 `區碼對照表`
--

CREATE TABLE `區碼對照表` (
  `Village` varchar(3) NOT NULL,
  `To_Village` varchar(7) NOT NULL
) ENGINE=InnoDB DEFAULT CHARSET=utf8;

--
-- 傾印資料表的資料 `區碼對照表`
--

INSERT INTO `區碼對照表` (`Village`, `To_Village`) VALUES
('一德里', '1200037'),
('三張里', '200030'),
('三民里', '100004'),
('三犁里', '200031'),
('三玉里', '1100033'),
('三重里', '900004'),
('中原里', '400031'),
('中吉里', '400030'),
('中央里', '400033'),
('中崙里', '100027'),
('中心里', '1200027'),
('中正里', '100026'),
('中華里', '100015'),
('九如里', '900018'),
('五分里', '1000022'),
('仁勇里', '1100001'),
('仁德里', '700009'),
('仁愛里', '300005'),
('仁慈里', '300002'),
('介壽里', '100009'),
('住安里', '300029'),
('保安里', '600025'),
('光復里', '500023'),
('光明里', '300019'),
('光武里', '300010'),
('光能里', '600008'),
('內湖里', '1000009'),
('全安里', '300035'),
('全德里', '700026'),
('八仙里', '1200018'),
('前港里', '1100010'),
('劍潭里', '400015'),
('南港里', '900001'),
('南湖里', '1000040'),
('南門里', '500017'),
('博嘉里', '800034'),
('古莊里', '300014'),
('合成里', '900010'),
('吉仁里', '100029'),
('吉利里', '1200013'),
('吉祥里', '100022'),
('名山里', '1100026'),
('和德里', '700024'),
('國慶里', '600018'),
('圓山里', '400012'),
('埤頭里', '400037'),
('大同里', '1200022'),
('大屯里', '1200041'),
('大直里', '400014'),
('天山里', '1100040'),
('天福里', '1100036'),
('奇岩里', '1200020'),
('學府里', '300057'),
('富台里', '200019'),
('富民里', '700007'),
('富水里', '500002'),
('富福里', '700010'),
('寶湖里', '1000039'),
('岩山里', '1100025'),
('幸市里', '500021'),
('幸福里', '500026'),
('康樂里', '400005'),
('廈安里', '500015'),
('廣居里', '200008'),
('延平里', '600010'),
('建倫里', '300050'),
('建國里', '500022'),
('建安里', '300049'),
('建明里', '600002'),
('建民里', '1200001'),
('建泰里', '600004'),
('復勢里', '100033'),
('復盛里', '100025'),
('復華里', '400040'),
('德華里', '1100028'),
('德行里', '1100027'),
('忠勤里', '500014'),
('忠順里', '800038'),
('恆安里', '400010'),
('慈祐里', '100018'),
('成福里', '900011'),
('指南里', '800036'),
('揚雅里', '600019'),
('敦安里', '300051'),
('敦煌里', '300053'),
('文盛里', '500003'),
('文祥里', '500030'),
('新仁里', '200005'),
('新光里', '900006'),
('新安里', '700021'),
('新庄里', '400023'),
('新福里', '400020'),
('新聚里', '100024'),
('新龍里', '300023'),
('日善里', '700020'),
('明勝里', '1100014'),
('明義里', '800025'),
('星明里', '600007'),
('景仁里', '800005'),
('景新里', '200028'),
('景華里', '800006'),
('景行里', '800001'),
('木新里', '800028'),
('木柵里', '800027'),
('東門里', '500028'),
('松光里', '200023'),
('松基里', '100035'),
('板溪里', '500008'),
('林泉里', '1200026'),
('林興里', '500004'),
('柳鄉里', '700019'),
('桃源里', '1200036'),
('梅花里', '500025'),
('榮光里', '1200005'),
('榮華里', '1200006'),
('正義里', '400002'),
('正聲里', '300052'),
('民安里', '400004'),
('民有里', '100016'),
('民權里', '600013'),
('水源里', '500001'),
('永吉里', '200014'),
('永和里', '1200009'),
('永安里', '400013'),
('永康里', '300018'),
('永明里', '1200011'),
('永樂里', '600005'),
('永欣里', '1200010'),
('江寧里', '400024'),
('河堤里', '500005'),
('洲美里', '1200019'),
('清江里', '1200021'),
('港墘里', '1000005'),
('港富里', '1000007'),
('港都里', '1000006'),
('湖元里', '1000030'),
('湖山里', '1200040'),
('湖田里', '1200042'),
('湖興里', '1000029'),
('玉泉里', '600001'),
('石潭里', '1000028'),
('石牌里', '1200003'),
('福佳里', '1100007'),
('福德里', '1100004'),
('福成里', '100034'),
('福星里', '700001'),
('福林里', '1100003'),
('福華里', '1100013'),
('福順里', '1100015'),
('秀湖里', '1000032'),
('立賢里', '1200016'),
('立農里', '1200017'),
('精忠里', '100010'),
('綠堤里', '700017'),
('網溪里', '500007'),
('美仁里', '100028'),
('群賢里', '300036'),
('義信里', '1100002'),
('義安里', '300030'),
('義村里', '300006'),
('翠山里', '1100050'),
('老師里', '600023'),
('臥龍里', '300039'),
('臨江里', '300033'),
('自強里', '100021'),
('興亞里', '400032'),
('興光里', '800014'),
('興得里', '800016'),
('興昌里', '800022'),
('興業里', '800017'),
('興豐里', '800013'),
('興雅里', '200006'),
('舊佳里', '1100008'),
('舊莊里', '900016'),
('菜園里', '700005'),
('華江里', '700018'),
('華聲里', '300054'),
('華興里', '800024'),
('萬壽里', '700002'),
('萬年里', '800010'),
('萬盛里', '800012'),
('萬興里', '800035'),
('葫洲里', '1000018'),
('蓬萊里', '600016'),
('蘆洲里', '1000037'),
('蘭興里', '1100035'),
('蘭雅里', '1100034'),
('行仁里', '400027'),
('行孝里', '400025'),
('行政里', '400026'),
('西康里', '1000002'),
('西新里', '900008'),
('西村里', '200001'),
('西湖里', '1000001'),
('西門里', '700003'),
('試院里', '800023'),
('金泰里', '400041'),
('金湖里', '1000034'),
('金龍里', '1000013'),
('錦安里', '300016'),
('長安里', '1200023'),
('關渡里', '1200038'),
('陽明里', '1100046'),
('隆和里', '600015'),
('雅祥里', '200011'),
('集英里', '400008'),
('雙和里', '200036'),
('雙連里', '600011'),
('青山里', '700006'),
('頂東里', '500006'),
('頂碩里', '700011'),
('順興里', '800029'),
('騰雲里', '700036'),
('鴻福里', '900013'),
('鵬程里', '100020'),
('麗山里', '1000038'),
('黎元里', '300046'),
('黎和里', '300048'),
('黎明里', '500024'),
('龍光里', '500018'),
('龍圖里', '300022'),
('龍坡里', '300011'),
('龍安里', '300015'),
('龍洲里', '400035'),
('龍生里', '300028'),
('龍田里', '100012'),
('龍福里', '500020'),
('龍門里', '300041'),
('龍雲里', '300027');

-- --------------------------------------------------------

--
-- 資料表結構 `區里對照表`
--

CREATE TABLE `區里對照表` (
  `Section` varchar(3) NOT NULL,
  `Village` varchar(3) NOT NULL
) ENGINE=InnoDB DEFAULT CHARSET=utf8;

--
-- 傾印資料表的資料 `區里對照表`
--

INSERT INTO `區里對照表` (`Section`, `Village`) VALUES
('北投區', '一德里'),
('信義區', '三張里'),
('松山區', '三民里'),
('信義區', '三犁里'),
('士林區', '三玉里'),
('南港區', '三重里'),
('中山區', '中原里'),
('中山區', '中吉里'),
('中山區', '中央里'),
('松山區', '中崙里'),
('北投區', '中心里'),
('松山區', '中正里'),
('松山區', '中華里'),
('南港區', '九如里'),
('內湖區', '五分里'),
('士林區', '仁勇里'),
('萬華區', '仁德里'),
('大安區', '仁愛里'),
('大安區', '仁慈里'),
('松山區', '介壽里'),
('大安區', '住安里'),
('大同區', '保安里'),
('中正區', '光復里'),
('大安區', '光明里'),
('大安區', '光武里'),
('大同區', '光能里'),
('內湖區', '內湖里'),
('大安區', '全安里'),
('萬華區', '全德里'),
('北投區', '八仙里'),
('士林區', '前港里'),
('中山區', '劍潭里'),
('南港區', '南港里'),
('內湖區', '南湖里'),
('中正區', '南門里'),
('文山區', '博嘉里'),
('大安區', '古莊里'),
('南港區', '合成里'),
('松山區', '吉仁里'),
('北投區', '吉利里'),
('松山區', '吉祥里'),
('士林區', '名山里'),
('萬華區', '和德里'),
('大同區', '國慶里'),
('中山區', '圓山里'),
('中山區', '埤頭里'),
('北投區', '大同里'),
('北投區', '大屯里'),
('中山區', '大直里'),
('士林區', '天山里'),
('士林區', '天福里'),
('北投區', '奇岩里'),
('大安區', '學府里'),
('信義區', '富台里'),
('萬華區', '富民里'),
('中正區', '富水里'),
('萬華區', '富福里'),
('內湖區', '寶湖里'),
('士林區', '岩山里'),
('中正區', '幸市里'),
('中正區', '幸福里'),
('中山區', '康樂里'),
('中正區', '廈安里'),
('信義區', '廣居里'),
('大同區', '延平里'),
('大安區', '建倫里'),
('中正區', '建國里'),
('大安區', '建安里'),
('大同區', '建明里'),
('北投區', '建民里'),
('大同區', '建泰里'),
('松山區', '復勢里'),
('松山區', '復盛里'),
('中山區', '復華里'),
('士林區', '德華里'),
('士林區', '德行里'),
('中正區', '忠勤里'),
('文山區', '忠順里'),
('中山區', '恆安里'),
('松山區', '慈祐里'),
('南港區', '成福里'),
('文山區', '指南里'),
('大同區', '揚雅里'),
('大安區', '敦安里'),
('大安區', '敦煌里'),
('中正區', '文盛里'),
('中正區', '文祥里'),
('信義區', '新仁里'),
('南港區', '新光里'),
('萬華區', '新安里'),
('中山區', '新庄里'),
('中山區', '新福里'),
('松山區', '新聚里'),
('大安區', '新龍里'),
('萬華區', '日善里'),
('士林區', '明勝里'),
('文山區', '明義里'),
('大同區', '星明里'),
('文山區', '景仁里'),
('信義區', '景新里'),
('文山區', '景華里'),
('文山區', '景行里'),
('文山區', '木新里'),
('文山區', '木柵里'),
('中正區', '東門里'),
('信義區', '松光里'),
('松山區', '松基里'),
('中正區', '板溪里'),
('北投區', '林泉里'),
('中正區', '林興里'),
('萬華區', '柳鄉里'),
('北投區', '桃源里'),
('中正區', '梅花里'),
('北投區', '榮光里'),
('北投區', '榮華里'),
('中山區', '正義里'),
('大安區', '正聲里'),
('中山區', '民安里'),
('松山區', '民有里'),
('大同區', '民權里'),
('中正區', '水源里'),
('信義區', '永吉里'),
('北投區', '永和里'),
('中山區', '永安里'),
('大安區', '永康里'),
('北投區', '永明里'),
('大同區', '永樂里'),
('北投區', '永欣里'),
('中山區', '江寧里'),
('中正區', '河堤里'),
('北投區', '洲美里'),
('北投區', '清江里'),
('內湖區', '港墘里'),
('內湖區', '港富里'),
('內湖區', '港都里'),
('內湖區', '湖元里'),
('北投區', '湖山里'),
('北投區', '湖田里'),
('內湖區', '湖興里'),
('大同區', '玉泉里'),
('內湖區', '石潭里'),
('北投區', '石牌里'),
('士林區', '福佳里'),
('士林區', '福德里'),
('松山區', '福成里'),
('萬華區', '福星里'),
('士林區', '福林里'),
('士林區', '福華里'),
('士林區', '福順里'),
('內湖區', '秀湖里'),
('北投區', '立賢里'),
('北投區', '立農里'),
('松山區', '精忠里'),
('萬華區', '綠堤里'),
('中正區', '網溪里'),
('松山區', '美仁里'),
('大安區', '群賢里'),
('士林區', '義信里'),
('大安區', '義安里'),
('大安區', '義村里'),
('士林區', '翠山里'),
('大同區', '老師里'),
('大安區', '臥龍里'),
('大安區', '臨江里'),
('松山區', '自強里'),
('中山區', '興亞里'),
('文山區', '興光里'),
('文山區', '興得里'),
('文山區', '興昌里'),
('文山區', '興業里'),
('文山區', '興豐里'),
('信義區', '興雅里'),
('士林區', '舊佳里'),
('南港區', '舊莊里'),
('萬華區', '菜園里'),
('萬華區', '華江里'),
('大安區', '華聲里'),
('文山區', '華興里'),
('萬華區', '萬壽里'),
('文山區', '萬年里'),
('文山區', '萬盛里'),
('文山區', '萬興里'),
('內湖區', '葫洲里'),
('大同區', '蓬萊里'),
('內湖區', '蘆洲里'),
('士林區', '蘭興里'),
('士林區', '蘭雅里'),
('中山區', '行仁里'),
('中山區', '行孝里'),
('中山區', '行政里'),
('內湖區', '西康里'),
('南港區', '西新里'),
('信義區', '西村里'),
('內湖區', '西湖里'),
('萬華區', '西門里'),
('文山區', '試院里'),
('中山區', '金泰里'),
('內湖區', '金湖里'),
('內湖區', '金龍里'),
('大安區', '錦安里'),
('北投區', '長安里'),
('北投區', '關渡里'),
('士林區', '陽明里'),
('大同區', '隆和里'),
('信義區', '雅祥里'),
('中山區', '集英里'),
('信義區', '雙和里'),
('大同區', '雙連里'),
('萬華區', '青山里'),
('中正區', '頂東里'),
('萬華區', '頂碩里'),
('文山區', '順興里'),
('萬華區', '騰雲里'),
('南港區', '鴻福里'),
('松山區', '鵬程里'),
('內湖區', '麗山里'),
('大安區', '黎元里'),
('大安區', '黎和里'),
('中正區', '黎明里'),
('中正區', '龍光里'),
('大安區', '龍圖里'),
('大安區', '龍坡里'),
('大安區', '龍安里'),
('中山區', '龍洲里'),
('大安區', '龍生里'),
('松山區', '龍田里'),
('中正區', '龍福里'),
('大安區', '龍門里'),
('大安區', '龍雲里');

-- --------------------------------------------------------

--
-- 資料表結構 `報修`
--

CREATE TABLE `報修` (
  `username` varchar(16) CHARACTER SET utf8 NOT NULL,
  `To_ID` int(4) NOT NULL,
  `Time` datetime NOT NULL,
  `Comment` text COLLATE utf8_unicode_ci NOT NULL,
  `IS_Fixed` tinyint(1) NOT NULL
) ENGINE=InnoDB DEFAULT CHARSET=utf8 COLLATE=utf8_unicode_ci;

--
-- 傾印資料表的資料 `報修`
--

INSERT INTO `報修` (`username`, `To_ID`, `Time`, `Comment`, `IS_Fixed`) VALUES
('test1', 5, '2021-06-21 10:16:33', '廁所的門壞了，打不開！快快修好！！！！！！！！！！！！！！！！！！！！！！！！！！！！！！', 0),
('test1', 49, '2021-06-26 15:22:34', 'test保修', 0),
('test1', 49, '2021-06-26 15:22:42', 'test保修', 0),
('test1', 49, '2021-06-26 15:22:43', 'test保修', 0),
('test1', 49, '2021-06-26 15:22:45', 'test保修', 0),
('test1', 49, '2021-06-26 15:22:47', 'test保修', 0),
('test1', 49, '2021-06-26 15:22:49', 'test保修', 0),
('test1', 75, '2021-06-24 10:56:11', 'test report', 0),
('test3', 25, '2021-06-21 01:15:52', '測試測試測試測試測試測試測試測試測試測試測試測試測試測試測試測試測試測試測試測試測試', 0);

-- --------------------------------------------------------

--
-- 資料表結構 `廁所總表`
--

CREATE TABLE `廁所總表` (
  `To_ID` int(4) NOT NULL,
  `To_Type` varchar(1) NOT NULL,
  `To_Village` varchar(7) NOT NULL,
  `To_Name` varchar(27) DEFAULT NULL,
  `To_Address` varchar(34) DEFAULT NULL,
  `Administration` varchar(8) DEFAULT NULL,
  `Latitude` decimal(10,8) DEFAULT NULL,
  `Longitude` decimal(10,7) DEFAULT NULL,
  `Grade` varchar(3) DEFAULT NULL,
  `To_Type2` varchar(6) DEFAULT NULL
) ENGINE=InnoDB DEFAULT CHARSET=utf8;

--
-- 傾印資料表的資料 `廁所總表`
--

INSERT INTO `廁所總表` (`To_ID`, `To_Type`, `To_Village`, `To_Name`, `To_Address`, `Administration`, `Latitude`, `Longitude`, `Grade`, `To_Type2`) VALUES
(1, 'T', '100004', '民生社區中心8F', '臺北市松山區民生東路5段163之1號', '縣市政府', '25.05899600', '121.5629810', '特優級', '男廁所'),
(2, 'T', '100004', '民生社區中心體育館11F', '臺北市松山區民生東路5段163之1號', '縣市政府', '25.05899600', '121.5629810', '特優級', '男廁所'),
(3, 'T', '100004', '社會局早療通報轉介中心', '臺北市松山區民生東路五段163之1號7樓', '縣市政府', '25.05927400', '121.5628370', '特優級', '混合廁所'),
(4, 'A', '100004', '民生社區中心停車場B2', '臺北市松山區民生東路五段163之1號B2', '縣市政府', '25.05927400', '121.5628370', '特優級', '混合廁所'),
(5, 'A', '100009', '民生立體停車場民生入口4樓', '臺北市松山區民生東路五段84號', '縣市政府', '25.05847600', '121.5597350', '特優級', '女廁所'),
(6, 'A', '100009', '民生立體停車場民生入口6樓', '臺北市松山區民生東路五段84號', '縣市政府', '25.05847600', '121.5597350', '特優級', '男廁所'),
(7, 'U', '100010', '臺北市立圖書館民生分館4F', '臺北市松山區敦化北路199巷5號4樓', '縣市政府', '25.05699300', '121.5515300', '特優級', '親子廁所'),
(8, 'G', '100010', '捷運松山機場站B2', '臺北市松山區敦化北路338號', '縣市政府', '25.06351300', '121.5513300', '特優級', '男廁所'),
(9, 'I', '100010', '松山機場國內線-3F觀景台', '臺北市松山區敦化北路340-9號', '交通部', '25.06363200', '121.5515140', '特優級', '男廁所'),
(10, 'C', '100010', '台亞松山機場加油站', '臺北市松山區敦化北路342號', '縣市政府', '25.06263500', '121.5505970', '優等級', '混合廁所'),
(11, 'S', '100012', '三軍總醫院松山分院1F', '臺北市松山區健康路131號', '國防部', '25.05437200', '121.5576720', '優等級', '男廁所'),
(12, 'S', '100012', '三軍總醫院松山分院4F', '臺北市松山區健康路131號', '國防部', '25.05437200', '121.5576720', '優等級', '男廁所'),
(13, 'S', '100012', '三軍總醫院松山分院牙科旁', '臺北市松山區健康路131號', '國防部', '25.05437200', '121.5576720', '優等級', '男廁所'),
(14, 'S', '100012', '三軍總醫院松山分院注射室門診前', '臺北市松山區健康路131號', '國防部', '25.05437200', '121.5576720', '優等級', '女廁所'),
(15, 'O', '100015', '三商巧福敦北店', '臺北市松山區敦化北路199巷2弄7號', '縣市政府', '25.05551200', '121.5500520', '優等級', '混合廁所'),
(16, 'S', '100015', '台北長庚紀念醫院後棟4樓', '臺北市松山區敦化北路199號', '縣市政府', '25.05563800', '121.5495240', '特優級', '混合廁所'),
(17, 'S', '100015', '台北長庚紀念醫院急診室', '臺北市松山區敦化北路199號', '縣市政府', '25.05563800', '121.5495240', '特優級', '混合廁所'),
(18, 'S', '100015', '台北長庚紀念醫院前棟2樓', '臺北市松山區敦化北路199號', '縣市政府', '25.05563800', '121.5495240', '特優級', '男廁所'),
(19, 'O', '100016', '摩斯漢堡西華店', '臺北市松山區民生東路三段113巷7弄1號', '縣市政府', '25.05868000', '121.5464260', '優等級', '混合廁所'),
(20, 'M', '100016', '全聯福利中心松山民有分公司', '臺北市松山區民權東路三段140巷15號1樓', '縣市政府', '25.06036800', '121.5470620', '特優級', '男廁所'),
(21, 'Y', '100016', '松山區民有里區民活動中心5F', '臺北市松山區民權東路三段140巷15號4樓、5樓', '縣市政府', '25.06042600', '121.5466370', '優等級', '無障礙廁所'),
(22, 'A', '100016', '公有民有市場地下停車場', '臺北市松山區民權東路三段140巷15號B1', '縣市政府', '25.06036600', '121.5469070', '特優級', '男廁所'),
(23, 'G', '100018', '捷運松山站站外', '臺北市松山區八德路4段742號', '縣市政府', '25.05011800', '121.5777060', '特優級', '女廁所'),
(24, 'G', '100018', '捷運松山站站內', '臺北市松山區八德路4段742號', '縣市政府', '25.05011800', '121.5777060', '特優級', '女廁所'),
(25, 'A', '100018', '八德立體停車場B1', '臺北市松山區八德路四段568號', '縣市政府', '25.04970800', '121.5717290', '特優級', '女廁所'),
(26, 'A', '100018', '八德立體停車場1樓', '臺北市松山區八德路四段568號', '縣市政府', '25.04970800', '121.5717290', '特優級', '女廁所'),
(27, 'U', '100018', '臺北市立圖書館松山分館7F', '臺北市松山區八德路四段668號2樓', '縣市政府', '25.04993400', '121.5760410', '優等級', '男廁所'),
(28, 'T', '100018', '松山區健康服務中心2F', '臺北市松山區八德路四段692號2樓', '縣市政府', '25.04994400', '121.5772510', '特優級', '女廁所'),
(29, 'A', '100018', '松山國小地下停車場', '臺北市松山區八德路四段746號', '縣市政府', '25.05049500', '121.5787210', '特優級', '男廁所'),
(30, 'A', '100020', '西松高中地下停車場', '臺北市松山區健康路325巷19弄1號B1', '縣市政府', '25.05597600', '121.5660710', '特優級', '無障礙廁所'),
(31, 'W', '100021', '松山區自強里民活動中心', '臺北市松山區三民路35巷9號1樓', '縣市政府', '25.05553500', '121.5634550', '優等級', '男廁所'),
(32, 'T', '100022', '監理所4F東', '臺北市松山區八德路4段21號', '其他', '25.04846000', '121.5590200', '優等級', '混合廁所'),
(33, 'A', '100022', '中崙高中地下停車場', '臺北市松山區八德路四段101號B2', '縣市政府', '25.04909600', '121.5610910', '特優級', '無障礙廁所'),
(34, 'A', '100022', '中崙高中地下停車場', '臺北市松山區八德路四段101號B2', '縣市政府', '25.04909600', '121.5610910', '特優級', '男廁所'),
(35, 'V', '100024', '三民公園游泳池', '臺北市松山區撫遠街298號', '縣市政府', '25.05964000', '121.5678960', '優等級', '女廁所'),
(36, 'R', '100025', '京華城百貨5樓西', '臺北市松山區八德路四段138號', '縣市政府', '25.04849500', '121.5624300', '特優級', '男廁所'),
(37, 'R', '100025', '京華城百貨10樓東', '臺北市松山區八德路四段138號', '縣市政府', '25.04849500', '121.5624300', '特優級', '女廁所'),
(38, 'R', '100025', '京華城百貨11樓東', '臺北市松山區八德路四段138號', '縣市政府', '25.04849500', '121.5624300', '特優級', '男廁所'),
(39, 'R', '100025', '京華城百貨11樓中', '臺北市松山區八德路四段138號', '縣市政府', '25.04849500', '121.5624300', '特優級', '女廁所'),
(40, 'R', '100025', '京華城百貨B3東', '臺北市松山區八德路四段138號', '縣市政府', '25.04849500', '121.5624300', '特優級', '男廁所'),
(41, 'R', '100025', '京華城百貨B3西', '臺北市松山區八德路四段138號', '縣市政府', '25.04849500', '121.5624300', '特優級', '女廁所'),
(42, 'R', '100025', '京華城百貨B1', '臺北市松山區八德路四段138號', '縣市政府', '25.04849500', '121.5624300', '特優級', '男廁所'),
(43, 'R', '100025', '京華城百貨4樓東', '臺北市松山區八德路四段138號', '縣市政府', '25.04849500', '121.5624300', '特優級', '男廁所'),
(44, 'R', '100025', '京華城百貨4樓西', '臺北市松山區八德路四段138號', '縣市政府', '25.04849500', '121.5624300', '特優級', '男廁所'),
(45, 'P', '100025', '京華城喜滿客影城1廳', '臺北市松山區八德路四段138號地下一樓', '縣市政府', '25.04733200', '121.5624610', '特優級', '男廁所'),
(46, 'P', '100025', '京華城喜滿客影城5廳', '臺北市松山區八德路四段138號地下一樓', '縣市政府', '25.04733200', '121.5624610', '特優級', '女廁所'),
(47, 'V', '100025', '台北偶戲館2F', '臺北市松山區市民大道五段99號2F', '縣市政府', '25.04715800', '121.5620740', '優等級', '女廁所'),
(48, 'G', '100026', '捷運(松山線)南京復興站站內', '臺北市松山區南京東路3段253號', '縣市政府', '25.05204700', '121.5440970', '特優級', '男廁所'),
(49, 'R', '100026', '微風南京B2', '臺北市松山區南京東路三段337號', '縣市政府', '25.05175500', '121.5487610', '特優級', '男廁所'),
(50, 'U', '100026', '行天宮附設玄空圖書館1F', '臺北市松山區敦化北路120巷9號', '縣市政府', '25.05390300', '121.5478820', '優等級', '男廁所'),
(51, 'U', '100026', '行天宮附設玄空圖書館2F', '臺北市松山區敦化北路120巷9號', '縣市政府', '25.05390300', '121.5478820', '優等級', '女廁所'),
(52, 'U', '100026', '行天宮附設玄空圖書館4F', '臺北市松山區敦化北路120巷9號', '縣市政府', '25.05390300', '121.5478820', '優等級', '男廁所'),
(53, 'R', '100027', '微風廣場B2超市', '臺北市松山區復興南路一段39號', '縣市政府', '25.04620200', '121.5441790', '特優級', '女廁所'),
(54, 'R', '100027', '微風廣場GF麵包', '臺北市松山區復興南路一段39號', '縣市政府', '25.04620200', '121.5441790', '特優級', '男廁所'),
(55, 'P', '100027', '微風國賓影城8樓', '臺北市松山區復興南路一段39號8,9樓', '縣市政府', '25.04587500', '121.5439840', '特優級', '女廁所'),
(56, 'U', '100028', '臺北市立藝文推廣處城市舞台1樓', '臺北市松山區八德路三段25號', '縣市政府', '25.04833600', '121.5519000', '特優級', '女廁所'),
(57, 'U', '100028', '臺北市立藝文推廣處城市舞台服務台', '臺北市松山區八德路三段25號', '縣市政府', '25.04833600', '121.5519000', '特優級', '女廁所'),
(58, 'T', '100028', '體育局1F電器', '臺北市松山區南京東路四段10號', '縣市政府', '25.05129200', '121.5520940', '特優級', '男廁所'),
(59, 'T', '100028', '體育局2F電梯旁', '臺北市松山區南京東路四段10號', '縣市政府', '25.05129200', '121.5520940', '特優級', '女廁所'),
(60, 'T', '100028', '體育局2FC區', '臺北市松山區南京東路四段10號', '縣市政府', '25.05129200', '121.5520940', '特優級', '男廁所'),
(61, 'T', '100028', '體育局3F電梯旁', '臺北市松山區南京東路四段10號', '縣市政府', '25.05129200', '121.5520940', '特優級', '女廁所'),
(62, 'T', '100028', '體育局5FC區', '臺北市松山區南京東路四段10號', '縣市政府', '25.05129200', '121.5520940', '特優級', '男廁所'),
(63, 'T', '100028', '體育局6F電梯旁', '臺北市松山區南京東路四段10號', '縣市政府', '25.05129200', '121.5520940', '特優級', '女廁所'),
(64, 'T', '100028', '體育局7F入口', '臺北市松山區南京東路四段10號', '縣市政府', '25.05129200', '121.5520940', '特優級', '無障礙廁所'),
(65, 'T', '100028', '體育局7F醫護室前', '臺北市松山區南京東路四段10號', '縣市政府', '25.05129200', '121.5520940', '特優級', '女廁所'),
(66, 'V', '100028', '臺北小巨蛋3-02', '臺北市松山區南京東路四段2號(南京東路四段與敦化北路交叉口)', '縣市政府', '25.05025900', '121.5498600', '特優級', '女廁所'),
(67, 'O', '100028', '統一星巴克北寧門市', '臺北市松山區南京東路四段56號1F', '縣市政府', '25.05152700', '121.5536570', '優等級', '混合廁所'),
(68, 'W', '100028', '松山運動中心1F', '臺北市松山區敦化北路5號', '縣市政府', '25.05110300', '121.5493800', '特優級', '無障礙廁所'),
(69, 'V', '100028', '臺北田徑場二樓東區E11', '臺北市松山區敦化北路5號', '縣市政府', '25.04944300', '121.5507040', '特優級', '無障礙廁所'),
(70, 'V', '100028', '臺北田徑場二樓東區E11', '臺北市松山區敦化北路5號', '縣市政府', '25.04944300', '121.5507040', '特優級', '無障礙廁所'),
(71, 'V', '100028', '臺北田徑場二樓西區W06', '臺北市松山區敦化北路5號', '縣市政府', '25.04944300', '121.5507040', '特優級', '女廁所'),
(72, 'V', '100028', '臺北田徑場C 區', '臺北市松山區敦化北路5號', '縣市政府', '25.05110300', '121.5493800', '特優級', '男廁所'),
(73, 'V', '100028', '臺北田徑場二樓東區E08', '臺北市松山區敦化北路5號', '縣市政府', '25.05110300', '121.5493800', '特優級', '男廁所'),
(74, 'V', '100028', '臺北田徑場二樓東區E11', '臺北市松山區敦化北路5號', '縣市政府', '25.05110300', '121.5493800', '特優級', '女廁所'),
(75, 'V', '100028', '臺北田徑場二樓西區W04', '臺北市松山區敦化北路5號', '縣市政府', '25.05110300', '121.5493800', '特優級', '男廁所'),
(76, 'V', '100028', '臺北田徑場二樓西區W011', '臺北市松山區敦化北路5號', '縣市政府', '25.04944300', '121.5507040', '特優級', '男廁所'),
(77, 'E', '100029', '公有中崙市場1樓', '臺北市松山區八德路三段76號', '縣市政府', '25.04812900', '121.5526250', '優等級', '女廁所'),
(78, 'E', '100029', '公有中崙市場2樓', '臺北市松山區八德路三段76號', '縣市政府', '25.04812900', '121.5526250', '優等級', '女廁所'),
(79, 'A', '100029', '市民大道延吉段地下停車場B1', '臺北市松山區市民大道敦化北路延吉路間地下', '縣市政府', '25.04444500', '121.5536750', '特優級', '女廁所'),
(80, 'S', '100033', '博仁綜合醫院2樓', '臺北市松山區光復北路66號', '縣市政府', '25.04979700', '121.5577640', '優等級', '女廁所'),
(81, 'S', '100033', '博仁綜合醫院放射科', '臺北市松山區光復北路66號', '縣市政府', '25.04979700', '121.5577640', '優等級', '混合廁所'),
(82, 'S', '100034', '臺安醫院新7樓', '臺北市松山區八德路二段424號', '縣市政府', '25.04805300', '121.5472770', '優等級', '無障礙廁所'),
(83, 'S', '100034', '臺安醫院舊2F', '臺北市松山區八德路二段424號', '縣市政府', '25.04809400', '121.5474130', '特優級', '女廁所'),
(84, 'S', '100034', '臺安醫院新1樓(電梯旁)', '臺北市松山區八德路二段424號', '縣市政府', '25.04809400', '121.5474130', '特優級', '男廁所'),
(85, 'S', '100034', '臺安醫院B1 I ', '臺北市松山區八德路二段424號', '縣市政府', '25.04809400', '121.5474130', '特優級', '女廁所'),
(86, 'S', '100034', '臺安醫院舊1樓', '臺北市松山區八德路二段424號', '縣市政府', '25.04809400', '121.5474130', '特優級', '男廁所'),
(87, 'S', '100034', '臺安醫院新1樓(檢驗室)', '臺北市松山區八德路二段424號', '縣市政府', '25.04809400', '121.5472130', '特優級', '女廁所'),
(88, 'Y', '100035', '松山區松基里區民活動中心B1', '臺北市松山區長春路339巷2號B1', '縣市政府', '25.05468800', '121.5449320', '特優級', '無障礙廁所'),
(89, 'T', '200001', '市政中心中央北10F', '臺北市信義區市府路1號', '縣市政府', '25.03752500', '121.5637820', '特優級', '無障礙廁所'),
(90, 'T', '200001', '市政中心中央南1F', '臺北市信義區市府路1號', '縣市政府', '25.03752500', '121.5637820', '優等級', '無障礙廁所'),
(91, 'T', '200001', '市政中心中央南4F', '臺北市信義區市府路1號', '縣市政府', '25.03752500', '121.5637820', '優等級', '無障礙廁所'),
(92, 'T', '200001', '市政中心中央南7F', '臺北市信義區市府路1號', '縣市政府', '25.03752500', '121.5637820', '優等級', '無障礙廁所'),
(93, 'R', '200001', '台北101購物中心4樓', '臺北市信義區市府路45號', '縣市政府', '25.03349300', '121.5641010', '特優級', '女廁所'),
(94, 'R', '200001', '台北101購物中心2樓', '臺北市信義區市府路45號', '縣市政府', '25.03349300', '121.5641010', '特優級', '性別友善廁所'),
(95, 'N', '200001', '台北寒舍艾美酒店2F', '臺北市信義區松仁路38號', '縣市政府', '25.03871600', '121.5681300', '特優級', '女廁所'),
(96, 'P', '200001', '遠百A13威秀影城10F外', '臺北市信義區松仁路58號', '縣市政府', '25.03673200', '121.5679680', '特優級', '女廁所'),
(97, 'P', '200001', '遠百A13威秀影城12F內', '臺北市信義區松仁路58號', '縣市政府', '25.03673200', '121.5679680', '特優級', '無障礙廁所'),
(98, 'P', '200001', '遠百A13威秀影城10F內', '臺北市信義區松仁路58號', '縣市政府', '25.03673200', '121.5679680', '特優級', '女廁所'),
(99, 'R', '200001', '遠百信義A13-4F', '臺北市信義區松仁路58號', '縣市政府', '25.03673200', '121.5679680', '特優級', '無障礙廁所'),
(100, 'R', '200001', '遠百信義A13-5F', '臺北市信義區松仁路58號', '縣市政府', '25.03673200', '121.5679680', '特優級', '親子廁所'),
(101, 'R', '200001', '遠百信義A13-6F', '臺北市信義區松仁路58號', '縣市政府', '25.03673200', '121.5679680', '特優級', '無障礙廁所'),
(102, 'R', '200001', '遠百信義A13-7F', '臺北市信義區松仁路58號', '縣市政府', '25.03673200', '121.5679680', '特優級', '親子廁所'),
(103, 'R', '200001', '微風松高百貨公司B3', '臺北市信義區松高路16號', '縣市政府', '25.03898300', '121.5672730', '特優級', '男廁所'),
(104, 'N', '200001', '寒舍艾麗5F', '臺北市信義區松高路18號', '縣市政府', '25.03861800', '121.5674650', '特優級', '女廁所'),
(105, 'N', '200001', '寒舍艾麗6F', '臺北市信義區松高路18號', '縣市政府', '25.03861800', '121.5674650', '特優級', '無障礙廁所'),
(106, 'N', '200001', '寒舍艾麗6F餐廳', '臺北市信義區松高路18號', '縣市政府', '25.03861800', '121.5674650', '特優級', '女廁所'),
(107, 'R', '200001', '微風南山百貨A15-3F南', '臺北市信義區松智路17號', '縣市政府', '25.03427350', '121.5657806', '特優級', '女廁所'),
(108, 'R', '200001', '微風南山百貨A15-7F北側', '臺北市信義區松智路17號', '縣市政府', '25.03421031', '121.5658343', '特優級', '無障礙廁所'),
(109, 'R', '200001', '微風南山百貨A18-4F', '臺北市信義區松智路17號', '縣市政府', '25.03419573', '121.5658665', '特優級', '女廁所'),
(110, 'R', '200001', '微風南山百貨A15-7F北側', '臺北市信義區松智路17號', '縣市政府', '25.03421517', '121.5658987', '特優級', '女廁所'),
(111, 'R', '200001', '微風南山百貨A15-3F北', '臺北市信義區松智路17號', '縣市政府', '25.03434154', '121.5658236', '特優級', '無障礙廁所'),
(112, 'R', '200001', '微風南山百貨A18-B2', '臺北市信義區松智路17號', '縣市政府', '25.03435613', '121.5658289', '特優級', '無障礙廁所'),
(113, 'R', '200001', '新光三越台北信義新天地A11館B2', '臺北市信義區松壽路11號', '縣市政府', '25.03603900', '121.5673690', '特優級', '無障礙廁所'),
(114, 'R', '200001', '新光三越台北信義新天地A11館3樓東南', '臺北市信義區松壽路11號', '縣市政府', '25.03603900', '121.5673690', '特優級', '無障礙廁所'),
(115, 'P', '200001', '台北信義威秀電影城18號2F', '臺北市信義區松壽路18號', '縣市政府', '25.03568400', '121.5668100', '特優級', '男廁所'),
(116, 'P', '200001', '台北信義威秀電影城20號1F', '臺北市信義區松壽路18號', '縣市政府', '25.03568400', '121.5668100', '特優級', '女廁所'),
(117, 'A', '200001', '市府府前停車場', '臺北市信義區松壽路1號', '縣市政府', '25.03601900', '121.5627040', '特優級', '無障礙廁所'),
(118, 'N', '200001', '台北君悅酒店西2樓', '臺北市信義區松壽路2號', '縣市政府', '25.03566500', '121.5626640', '特優級', '無障礙廁所'),
(119, 'V', '200001', '世界貿易中心第三館松仁路', '臺北市信義區松壽路6號', '其他', '25.03361900', '121.5626680', '特優級', '無障礙廁所'),
(120, 'V', '200001', '世界貿易中心第三館大門', '臺北市信義區松壽路6號', '其他', '25.03361900', '121.5626680', '特優級', '無障礙廁所'),
(121, 'V', '200001', '世界貿易中心第三館內東', '臺北市信義區松壽路6號', '其他', '25.03361900', '121.5626680', '特優級', '無障礙廁所'),
(122, 'V', '200001', '世界貿易中心第三館西廁', '臺北市信義區松壽路6號', '其他', '25.03361900', '121.5626680', '特優級', '無障礙廁所'),
(123, 'V', '200001', '世界貿易中心第三館市府路', '臺北市信義區松壽路6號', '其他', '25.03361900', '121.5626680', '特優級', '無障礙廁所'),
(124, 'R', '200001', '新光三越台北信義新天地A9館西北3樓', '臺北市信義區松壽路9號', '縣市政府', '25.03601800', '121.5665750', '特優級', '親子廁所'),
(125, 'T', '200001', '信義區健康服務中心', '臺北市信義區信義路五段15號1樓', '縣市政府', '25.03328900', '121.5669470', '特優級', '女廁所'),
(126, 'T', '200001', '財政部臺北國稅局信義分局', '臺北市信義區信義路五段15號4樓', '財政部', '25.03328900', '121.5669470', '優等級', '混合廁所'),
(127, 'W', '200001', '臺北國際會議中心北103', '臺北市信義區信義路五段1號', '縣市政府', '25.03321900', '121.5608110', '特優級', '男廁所'),
(128, 'W', '200001', '臺北國際會議中心南106', '臺北市信義區信義路五段1號', '縣市政府', '25.03321900', '121.5608110', '特優級', '女廁所'),
(129, 'V', '200001', '世界貿易展覽中心(信義展覽館)163號旁', '臺北市信義區信義路五段5號', '其他', '25.03299200', '121.5620120', '特優級', '無障礙廁所'),
(130, 'V', '200001', '世界貿易展覽中心(信義展覽館)1F166號', '臺北市信義區信義路五段5號', '其他', '25.03299200', '121.5620120', '特優級', '男廁所'),
(131, 'V', '200001', '世界貿易展覽中心(信義展覽館)1F103號', '臺北市信義區信義路五段5號', '其他', '25.03299200', '121.5620120', '特優級', '女廁所'),
(132, 'V', '200001', '世界貿易展覽中心(信義展覽館)1F120號', '臺北市信義區信義路五段5號', '其他', '25.03299200', '121.5620120', '特優級', '女廁所'),
(133, 'V', '200001', '世界貿易展覽中心(信義展覽館)1F126號', '臺北市信義區信義路五段5號', '其他', '25.03299200', '121.5620120', '特優級', '女廁所'),
(134, 'V', '200001', '世界貿易展覽中心(信義展覽館)1F131號', '臺北市信義區信義路五段5號', '其他', '25.03299200', '121.5620120', '特優級', '男廁所'),
(135, 'V', '200001', '世界貿易展覽中心(信義展覽館)1F夾層前門', '臺北市信義區信義路五段5號', '其他', '25.03299200', '121.5620120', '特優級', '女廁所'),
(136, 'B', '200001', '台北101觀景台91樓', '臺北市信義區信義路五段7號', '其他', '25.03319400', '121.5648370', '特優級', '無障礙廁所'),
(137, 'V', '200005', '松山文化創意園區製煙工廠北1樓', '臺北市信義區光復南路133號', '縣市政府', '25.04373200', '121.5604590', '特優級', '無障礙廁所'),
(138, 'V', '200005', '松山文化創意園區辦公室南側1F', '臺北市信義區光復南路133號', '縣市政府', '25.04373200', '121.5604590', '特優級', '女廁所'),
(139, 'V', '200005', '松山文化創意園區製煙工廠東側1F', '臺北市信義區光復南路133號', '縣市政府', '25.04373200', '121.5604590', '特優級', '女廁所'),
(140, 'V', '200005', '松山文化創意園區製煙工廠西側1F', '臺北市信義區光復南路133號', '縣市政府', '25.04373200', '121.5604590', '特優級', '男廁所'),
(141, 'V', '200005', '松山文化創意園區製煙工廠西側2F', '臺北市信義區光復南路133號', '縣市政府', '25.04373200', '121.5604590', '特優級', '女廁所'),
(142, 'V', '200005', '松山文化創意園區製煙工廠北側2F', '臺北市信義區光復南路133號', '縣市政府', '25.04373200', '121.5604590', '特優級', '女廁所'),
(143, 'M', '200005', '家樂福東興店B2', '臺北市信義區東興路45號B1', '縣市政府', '25.04759000', '121.5661440', '特優級', '男廁所'),
(144, 'P', '200005', '誠品電影院', '臺北市信義區菸廠路80號B2', '縣市政府', '25.04484300', '121.5614650', '特優級', '男廁所'),
(145, 'R', '200005', '誠品生活松菸店西B2F', '臺北市信義區菸廠路88號', '縣市政府', '25.04461800', '121.5609910', '特優級', '男廁所'),
(146, 'R', '200005', '誠品生活松菸店西1F', '臺北市信義區菸廠路88號', '縣市政府', '25.04461800', '121.5609910', '特優級', '男廁所'),
(147, 'R', '200005', '誠品生活松菸店西2F', '臺北市信義區菸廠路88號', '縣市政府', '25.04461800', '121.5609910', '特優級', '無障礙廁所'),
(148, 'R', '200006', '統一阪急百貨4樓', '臺北市信義區忠孝東路5段8號', '縣市政府', '25.04086500', '121.5654170', '特優級', '無障礙廁所'),
(149, 'R', '200006', '統一阪急百貨3FA區', '臺北市信義區忠孝東路5段8號', '縣市政府', '25.04086500', '121.5654170', '特優級', '女廁所'),
(150, 'R', '200006', '統一阪急百貨2F', '臺北市信義區忠孝東路5段8號', '縣市政府', '25.04086500', '121.5654170', '特優級', '女廁所'),
(151, 'R', '200006', '統一阪急百貨B1A區', '臺北市信義區忠孝東路5段8號', '縣市政府', '25.04086500', '121.5654170', '特優級', '女廁所'),
(152, 'R', '200006', '統一阪急百貨B2A區', '臺北市信義區忠孝東路5段8號', '縣市政府', '25.04086500', '121.5654170', '特優級', '男廁所'),
(153, 'N', '200006', '時代國際飯店8F', '臺北市信義區忠孝東路五段10號', '縣市政府', '25.04163200', '121.5653090', '特優級', '女廁所'),
(154, 'N', '200006', '時代國際飯店11F會議室1號', '臺北市信義區忠孝東路五段10號', '縣市政府', '25.04163200', '121.5653090', '特優級', '男廁所'),
(155, 'N', '200006', '時代國際飯店11F會議室4號', '臺北市信義區忠孝東路五段10號', '縣市政府', '25.04163200', '121.5653090', '特優級', '女廁所'),
(156, 'R', '200006', '微風信義2F西南', '臺北市信義區忠孝東路五段68號', '縣市政府', '25.04078200', '121.5670520', '特優級', '男廁所'),
(157, 'R', '200006', '微風信義B1', '臺北市信義區忠孝東路五段68號', '縣市政府', '25.04078200', '121.5670520', '特優級', '女廁所'),
(158, 'R', '200006', 'BELLAVITA百貨B1東南區', '臺北市信義區松仁路28號', '縣市政府', '25.03928000', '121.5682910', '特優級', '親子廁所'),
(159, 'R', '200006', 'BELLAVITA百貨5F', '臺北市信義區松仁路28號', '縣市政府', '25.03928000', '121.5682910', '特優級', '男廁所'),
(160, 'R', '200006', 'BELLAVITA百貨4F', '臺北市信義區松仁路28號', '縣市政府', '25.03928000', '121.5682910', '特優級', '女廁所'),
(161, 'R', '200006', 'BELLAVITA百貨2F', '臺北市信義區松仁路28號', '縣市政府', '25.03928000', '121.5682910', '特優級', '男廁所'),
(162, 'R', '200006', 'BELLAVITA百貨B1西北區', '臺北市信義區松仁路28號', '縣市政府', '25.03928000', '121.5682910', '特優級', '男廁所'),
(163, 'R', '200006', '新光三越台北信義新天地A4館B4', '臺北市信義區松高路19號', '縣市政府', '25.03932900', '121.5670260', '特優級', '男廁所'),
(164, 'R', '200006', '新光三越台北信義新天地A4館B2', '臺北市信義區松高路19號', '縣市政府', '25.03932900', '121.5670260', '特優級', '女廁所'),
(165, 'R', '200006', '新光三越台北信義新天地A4館B1', '臺北市信義區松高路19號', '縣市政府', '25.03932900', '121.5670260', '特優級', '男廁所'),
(166, 'R', '200006', '新光三越台北信義新天地A4館B5', '臺北市信義區松高路19號', '縣市政府', '25.03932900', '121.5670260', '特優級', '女廁所'),
(167, 'A', '200008', '松山工農地下停車場', '臺北市信義區忠孝東路五段236巷15號', '其他', '25.03901100', '121.5724970', '特優級', '女廁所'),
(168, 'A', '200011', '雅祥公園地下停車場', '臺北市信義區松隆路123巷7號B1', '縣市政府', '25.04732500', '121.5717710', '特優級', '女廁所'),
(169, 'A', '200014', '五分埔地下停車場', '臺北市信義區中坡北路57號地下', '縣市政府', '25.04661100', '121.5801750', '特優級', '女廁所'),
(170, 'F', '200014', '松山火車站前站B1服務中心後方', '臺北市信義區松山路11號', '交通部', '25.04845600', '121.5782520', '特優級', '女廁所'),
(171, 'O', '200019', '麥當勞忠孝東路第二分公司', '臺北市信義區忠孝東路五段289號1樓', '縣市政府', '25.04117000', '121.5716270', '特優級', '女廁所'),
(172, 'M', '200019', '愛買忠孝店B1', '臺北市信義區忠孝東路五段297號B1、B2、B3.', '縣市政府', '25.04107200', '121.5731490', '特優級', '女廁所'),
(173, 'A', '200023', '春光公園地下停車場', '臺北市信義區忠孝東路五段666號', '縣市政府', '25.04224200', '121.5806980', '特優級', '無障礙廁所'),
(174, 'A', '200023', '春光公園地下停車場', '臺北市信義區忠孝東路五段666號', '縣市政府', '25.04224200', '121.5806980', '特優級', '男廁所'),
(175, 'T', '200028', '信義公民會館文物館', '臺北市信義區松勤路50號', '縣市政府', '25.03178300', '121.5621840', '特優級', '女廁所'),
(176, 'T', '200028', '信義公民會館C館', '臺北市信義區松勤路50號', '縣市政府', '25.03178300', '121.5621840', '特優級', '女廁所'),
(177, 'A', '200028', '信義國小地下停車場', '臺北市信義區松勤路60號B1', '縣市政府', '25.03200200', '121.5633010', '特優級', '男廁所'),
(178, 'W', '200030', '信義運動中心3F', '臺北市信義區松勤街100號', '縣市政府', '25.03190800', '121.5666040', '優等級', '無障礙廁所'),
(179, 'W', '200030', '信義運動中心6F', '臺北市信義區松勤街100號', '縣市政府', '25.03186800', '121.5666790', '優等級', '男廁所'),
(180, 'W', '200030', '信義運動中心3F', '臺北市信義區松勤街100號', '縣市政府', '25.03186800', '121.5666790', '優等級', '女廁所'),
(181, 'W', '200030', '信義運動中心1F', '臺北市信義區松勤街100號', '縣市政府', '25.03186800', '121.5666790', '優等級', '男廁所'),
(182, 'A', '200030', '臺北市災害應變中心地下停車場', '臺北市信義區莊敬路391巷11弄2號B1', '縣市政府', '25.02866100', '121.5661180', '特優級', '無障礙廁所'),
(183, 'S', '200031', '聯合醫院松德院區1F-2', '臺北市信義區松德路309號', '縣市政府', '25.02996600', '121.5750050', '特優級', '性別友善廁所'),
(184, 'G', '200031', '捷運象山站', '臺北市信義區信義路5段152號', '縣市政府', '25.03246400', '121.5700000', '特優級', '女廁所'),
(185, 'S', '200036', '臺北醫學大學附設醫院第一大樓2樓耳鼻喉科旁', '臺北市信義區吳興街252號', '縣市政府', '25.02690400', '121.5636370', '特優級', '女廁所'),
(186, 'S', '200036', '臺北醫學大學附設醫院第二大樓1樓', '臺北市信義區吳興街252號', '縣市政府', '25.02690400', '121.5636370', '特優級', '男廁所'),
(187, 'S', '300002', '聯合醫院仁愛院區3F', '臺北市大安區仁愛路四段10號', '縣市政府', '25.03751200', '121.5452240', '特優級', '女廁所'),
(188, 'S', '300002', '聯合醫院仁愛院區檢驗2F', '臺北市大安區仁愛路四段10號', '縣市政府', '25.03751200', '121.5452240', '特優級', '女廁所'),
(189, 'R', '300005', '太平洋崇光百貨敦化分館5F', '臺北市大安區敦化南路1段246號', '縣市政府', '25.04014600', '121.5484420', '特優級', '女廁所'),
(190, 'R', '300006', '太平洋崇光百貨復興館2F', '臺北市大安區忠孝東路三段300號', '縣市政府', '25.04144900', '121.5434180', '特優級', '男廁所'),
(191, 'R', '300006', '太平洋崇光百貨復興館4F', '臺北市大安區忠孝東路三段300號', '縣市政府', '25.04144900', '121.5434180', '特優級', '男廁所'),
(192, 'R', '300006', '太平洋崇光百貨復興館6F', '臺北市大安區忠孝東路三段300號', '縣市政府', '25.04144900', '121.5434180', '特優級', '男廁所'),
(193, 'R', '300006', '太平洋崇光百貨復興館7F', '臺北市大安區忠孝東路三段300號', '縣市政府', '25.04144900', '121.5434180', '特優級', '女廁所'),
(194, 'R', '300010', '東區地下街廣1', '臺北市大安區大安路1段77號地下街(位於忠孝復興站至忠孝敦化站之間)', '縣市政府', '25.04180000', '121.5462000', '特優級', '男廁所'),
(195, 'R', '300010', '太平洋崇光百貨台北忠孝館4F', '臺北市大安區忠孝東路四段45號', '縣市政府', '25.04192200', '121.5448990', '特優級', '無障礙廁所'),
(196, 'R', '300010', '太平洋崇光百貨台北忠孝館B1', '臺北市大安區忠孝東路四段45號', '縣市政府', '25.04192200', '121.5448990', '特優級', '女廁所'),
(197, 'R', '300010', '太平洋崇光百貨台北忠孝館6F', '臺北市大安區忠孝東路四段45號', '縣市政府', '25.04192200', '121.5448990', '特優級', '女廁所'),
(198, 'R', '300010', '太平洋崇光百貨台北忠孝館9F', '臺北市大安區忠孝東路四段45號', '縣市政府', '25.04192200', '121.5448990', '特優級', '女廁所'),
(199, 'R', '300010', '太平洋崇光百貨台北忠孝館8F', '臺北市大安區忠孝東路四段45號', '縣市政府', '25.04192200', '121.5448990', '特優級', '男廁所'),
(200, 'O', '300011', '摩斯漢堡和平東路店', '臺北市大安區和平東路1段278號', '縣市政府', '25.02594400', '121.5341670', '優等級', '混合廁所'),
(201, 'N', '300011', '福華國際文教會館住宿1F', '臺北市大安區新生南路三段30號', '縣市政府', '25.02312400', '121.5341710', '特優級', '女廁所'),
(202, 'N', '300011', '福華國際文教會館住宿B1', '臺北市大安區新生南路三段30號', '縣市政府', '25.02312300', '121.5341700', '特優級', '男廁所'),
(203, 'N', '300011', '福華國際文教會館住宿3F', '臺北市大安區新生南路三段30號', '縣市政府', '25.02312700', '121.5341740', '特優級', '男廁所'),
(204, 'N', '300011', '福華國際文教會館住宿4F', '臺北市大安區新生南路三段30號', '縣市政府', '25.02313000', '121.5341770', '特優級', '女廁所'),
(205, 'N', '300011', '福華國際文教會館集會1F', '臺北市大安區新生南路三段30號', '縣市政府', '25.02314400', '121.5341910', '特優級', '女廁所'),
(206, 'N', '300011', '福華國際文教會館集會4F', '臺北市大安區新生南路三段30號', '縣市政府', '25.02314700', '121.5341940', '特優級', '男廁所'),
(207, 'N', '300011', '福華國際文教會館集會5F', '臺北市大安區新生南路三段30號', '縣市政府', '25.02315000', '121.5341970', '特優級', '女廁所'),
(208, 'O', '300014', '丹堤咖啡羅斯福師大店', '臺北市大安區羅斯福路三段155號1F', '縣市政府', '25.02213100', '121.5275000', '特優級', '混合廁所'),
(209, 'T', '300015', '國家教育研究院臺北院區2F', '臺北市大安區和平東路1段179號', '教育部', '25.02646300', '121.5326590', '特優級', '男廁所'),
(210, 'T', '300015', '國家教育研究院臺北院區3F', '臺北市大安區和平東路1段179號', '教育部', '25.02646300', '121.5326590', '特優級', '男廁所'),
(211, 'T', '300015', '國家教育研究院臺北院區4F', '臺北市大安區和平東路1段179號', '教育部', '25.02646300', '121.5326590', '特優級', '女廁所'),
(212, 'T', '300015', '國家教育研究院臺北院區6F', '臺北市大安區和平東路1段179號', '教育部', '25.02646300', '121.5326590', '特優級', '男廁所'),
(213, 'T', '300015', '國家教育研究院臺北院區7F', '臺北市大安區和平東路1段179號', '教育部', '25.02646300', '121.5326590', '特優級', '女廁所'),
(214, 'T', '300015', '國稅局大安分局6F', '臺北市大安區新生南路二段86號', '財政部', '25.02610700', '121.5348140', '特優級', '男廁所'),
(215, 'U', '300016', '臺北市立圖書館龍安民眾閱覽室3F', '臺北市大安區永康街60號2.3F', '縣市政府', '25.02903400', '121.5296460', '特優級', '女廁所'),
(216, 'U', '300016', '臺北市立圖書館龍安民眾閱覽室2F', '臺北市大安區永康街60號2.3F', '縣市政府', '25.02903400', '121.5296460', '優等級', '混合廁所'),
(217, 'O', '300018', '摩斯漢堡金山店', '臺北市大安區金山南路二段121號', '縣市政府', '25.03078400', '121.5267920', '優等級', '混合廁所'),
(218, 'E', '300019', '南門中繼市場1樓(北側)', '臺北市大安區杭州南路二段55號', '縣市政府', '25.03027100', '121.5222840', '優等級', '女廁所'),
(219, 'C', '300022', '勝利加油站', '臺北市大安區建國南路2段75之1號', '縣市政府', '25.03095200', '121.5381390', '特優級', '混合廁所'),
(220, 'U', '300023', '臺北市立圖書館總館6F', '臺北市大安區建國南路二段125號', '縣市政府', '25.02915200', '121.5383690', '特優級', '無障礙廁所'),
(221, 'O', '300027', '摩斯漢堡復興南路店', '臺北市大安區復興南路二段151巷47號1樓', '縣市政府', '25.02845900', '121.5456890', '特優級', '混合廁所'),
(222, 'T', '300028', '中國文化大學推廣教育部B4', '臺北市大安區建國南路二段231號', '教育部', '25.02591700', '121.5380130', '特優級', '男廁所'),
(223, 'T', '300028', '中國文化大學推廣教育部1F', '臺北市大安區建國南路二段231號', '教育部', '25.02591700', '121.5380130', '特優級', '女廁所'),
(224, 'G', '300029', '捷運信義大安站大廳層', '臺北市大安區信義路四段2號', '縣市政府', '25.03308600', '121.5438280', '特優級', '男廁所'),
(225, 'N', '300029', '馥敦大飯店', '臺北市大安區復興南路二段41號', '縣市政府', '25.03140400', '121.5436810', '特優級', '女廁所'),
(226, 'G', '300030', '捷運信義安和站', '臺北市大安區信義路4段212之1號', '縣市政府', '25.03303700', '121.5519960', '特優級', '女廁所'),
(227, 'C', '300033', '中油基隆路加油站', '臺北市大安區基隆路二段162號', '經濟部', '25.02770100', '121.5560250', '優等級', '無障礙廁所'),
(228, 'C', '300033', '中油基隆路加油站', '臺北市大安區基隆路二段162號', '經濟部', '25.02769100', '121.5558350', '優等級', '混合廁所'),
(229, 'P', '300035', '梅花數位影院B廳', '臺北市大安區和平東路三段63號2樓', '縣市政府', '25.02478600', '121.5492050', '特優級', '男廁所'),
(230, 'P', '300035', '梅花數位影院B廳', '臺北市大安區和平東路三段63號2樓', '縣市政府', '25.02478600', '121.5492050', '特優級', '女廁所'),
(231, 'N', '300035', '台北遠東國際大飯店3F', '臺北市大安區敦化南路二段201號', '縣市政府', '25.02668700', '121.5488560', '特優級', '男廁所'),
(232, 'R', '300035', '遠企購物中心2F', '臺北市大安區敦化南路二段203號', '縣市政府', '25.02620800', '121.5492630', '特優級', '男廁所'),
(233, 'R', '300035', '遠企購物中心1F', '臺北市大安區敦化南路二段203號', '縣市政府', '25.02620800', '121.5492630', '特優級', '男廁所'),
(234, 'E', '300036', '公有成功市場', '臺北市大安區四維路192巷內', '縣市政府', '25.02688300', '121.5476780', '優等級', '混合廁所'),
(235, 'O', '300036', '統一星巴克興和門市', '臺北市大安區復興南路二段275號', '縣市政府', '25.02560200', '121.5436470', '特優級', '混合廁所'),
(236, 'T', '300039', '大安區健康服務中心2F', '臺北市大安區辛亥路三段15號2樓', '縣市政府', '25.02145000', '121.5444570', '特優級', '女廁所'),
(237, 'W', '300039', '大安運動中心B1', '臺北市大安區辛亥路三段55號', '縣市政府', '25.02065000', '121.5454990', '特優級', '男廁所'),
(238, 'W', '300039', '大安運動中心1F', '臺北市大安區辛亥路三段55號', '縣市政府', '25.02065000', '121.5454990', '特優級', '女廁所'),
(239, 'D', '300041', '大安森林公園7號', '臺北市大安區新生南路、和平東路、信義路、建國南路', '縣市政府', '25.03220900', '121.5370410', '特優級', '女廁所'),
(240, 'U', '300046', '臺北市立圖書館大安分館5F', '臺北市大安區辛亥路三段223號4、5樓', '縣市政府', '25.01595500', '121.5508930', '特優級', '女廁所'),
(241, 'O', '300048', '麥當勞台北麟光店', '臺北市大安區和平東路三段406巷8號1F', '縣市政府', '25.01843700', '121.5581200', '特優級', '混合廁所'),
(242, 'A', '300049', '市民大道地下停車場(敦延段)B1', '臺北市大安區(敦化南路至延吉街段)', '縣市政府', '25.04452200', '121.5500520', '特優級', '無障礙廁所'),
(243, 'R', '300050', '明曜百貨公司9F', '臺北市大安區忠孝東路四段200號', '縣市政府', '25.04120900', '121.5520180', '特優級', '女廁所'),
(244, 'R', '300050', '明曜百貨公司8F', '臺北市大安區忠孝東路四段200號', '縣市政府', '25.04120900', '121.5520180', '特優級', '女廁所'),
(245, 'S', '300051', '中山醫院3樓', '臺北市大安區仁愛路四段112巷11號', '縣市政府', '25.03639300', '121.5499670', '特優級', '無障礙廁所'),
(246, 'O', '300052', '陶板屋台北光復南店', '臺北市大安區光復南路286號B1', '縣市政府', '25.03979500', '121.5573910', '特優級', '混合廁所'),
(247, 'S', '300053', '財團法人國泰綜合醫院本館東3樓', '臺北市大安區仁愛路四段280號', '縣市政府', '25.03682600', '121.5536810', '特優級', '男廁所'),
(248, 'S', '300053', '財團法人國泰綜合醫院本館東1樓', '臺北市大安區仁愛路四段280號', '縣市政府', '25.03682600', '121.5536810', '特優級', '女廁所'),
(249, 'S', '300053', '財團法人國泰綜合醫院東3樓婦產科', '臺北市大安區仁愛路四段280號', '縣市政府', '25.03682600', '121.5536810', '特優級', '女廁所'),
(250, 'O', '300053', '麥當勞台北信義店', '臺北市大安區信義路四段273號', '縣市政府', '25.03337400', '121.5545520', '特優級', '混合廁所'),
(251, 'S', '300054', '秀傳醫院', '臺北市大安區光復南路116巷1、3、5號', '縣市政府', '25.04309500', '121.5568330', '特優級', '混合廁所'),
(252, 'T', '300057', '第二殯儀館景仰右B1', '臺北市大安區辛亥路3段330號', '縣市政府', '25.01375500', '121.5530070', '優等級', '女廁所'),
(253, 'T', '300057', '第二殯儀館景仰右2F', '臺北市大安區辛亥路3段330號', '縣市政府', '25.01375500', '121.5530070', '優等級', '男廁所'),
(254, 'T', '300057', '第二殯儀館景仰右3F', '臺北市大安區辛亥路3段330號', '縣市政府', '25.01375500', '121.5530070', '優等級', '女廁所'),
(255, 'T', '300057', '第二殯儀館丁級廳', '臺北市大安區辛亥路3段330號', '縣市政府', '25.01375500', '121.5530070', '優等級', '女廁所'),
(256, 'O', '400002', '麥當勞林森一店', '臺北市中山區南京東路一段86號1,2樓', '縣市政府', '25.05181500', '121.5255730', '特優級', '混合廁所'),
(257, 'W', '400004', '中山運動中心3F', '臺北市中山區中山北路二段44巷2號', '縣市政府', '25.05496800', '121.5215310', '優等級', '女廁所'),
(258, 'V', '400004', '蔡瑞月舞蹈研究社', '臺北市中山區中山北路二段48巷10號', '其他', '25.05577600', '121.5219860', '特優級', '女廁所'),
(259, 'E', '400004', '公有中山市場1樓電梯', '臺北市中山區長安西路3號', '縣市政府', '25.04990200', '121.5213990', '優等級', '混合廁所'),
(260, 'Y', '400004', '臺北市動產質借處中山分處', '臺北市中山區長安西路3號6樓', '縣市政府', '25.05002100', '121.5207540', '特優級', '男廁所'),
(261, 'R', '400004', '新光三越台北南西店2樓', '臺北市中山區南京西路12號', '縣市政府', '25.05235500', '121.5215080', '特優級', '女廁所'),
(262, 'R', '400004', '新光三越台北南西店3樓', '臺北市中山區南京西路12號', '縣市政府', '25.05235500', '121.5215080', '特優級', '男廁所'),
(263, 'R', '400004', '新光三越台北南西店6樓', '臺北市中山區南京西路12號', '縣市政府', '25.05235500', '121.5215080', '特優級', '男廁所'),
(264, 'R', '400004', '新光三越台北南西店9樓', '臺北市中山區南京西路12號', '縣市政府', '25.05235500', '121.5215080', '特優級', '男廁所'),
(265, 'R', '400004', '誠品生活南西店2樓', '臺北市中山區南京西路14號', '請選擇主管機關', '25.05221900', '121.5206560', '特優級', '男廁所'),
(266, 'R', '400004', '誠品生活南西店3樓', '臺北市中山區南京西路14號', '請選擇主管機關', '25.05221900', '121.5206560', '特優級', '女廁所'),
(267, 'R', '400004', '誠品生活南西路4樓', '臺北市中山區南京西路14號', '請選擇主管機關', '25.05221900', '121.5206560', '特優級', '女廁所'),
(268, 'R', '400004', '誠品生活南西店B1', '臺北市中山區南京西路14號', '縣市政府', '25.05221900', '121.5206560', '特優級', '男廁所'),
(269, 'N', '400005', '晶華國際酒店B2林森北中段', '臺北市中山區中山北路二段41號', '縣市政府', '25.05453900', '121.5224710', '優等級', '親子廁所'),
(270, 'N', '400005', '晶華國際酒店B1中段', '臺北市中山區中山北路二段41號', '縣市政府', '25.05427800', '121.5229790', '特優級', '無障礙廁所'),
(271, 'W', '400005', '林森公園康樂區民活動中心', '臺北市中山區南京東路1段35號2樓', '縣市政府', '25.05214500', '121.5269580', '優等級', '無障礙廁所'),
(272, 'N', '400005', '大倉久和大飯店5F', '臺北市中山區南京東路一段9號', '縣市政府', '25.05227500', '121.5233730', '特優級', '男廁所'),
(273, 'S', '400008', '馬偕紀念醫院福音樓六樓', '臺北市中山區中山北路二段92號', '縣市政府', '25.05800800', '121.5227080', '特優級', '混合廁所'),
(274, 'S', '400008', '馬偕紀念醫院平安樓四樓', '臺北市中山區中山北路二段92號', '縣市政府', '25.05800800', '121.5227080', '特優級', '女廁所'),
(275, 'S', '400008', '馬偕紀念醫院平安樓六樓', '臺北市中山區中山北路二段92號', '縣市政府', '25.05800800', '121.5227080', '特優級', '男廁所'),
(276, 'O', '400008', '肯德基台北雙連餐廳', '臺北市中山區民生西路9號', '縣市政府', '25.05796100', '121.5215780', '特優級', '混合廁所'),
(277, 'O', '400008', '摩斯漢堡民權西路店 ', '臺北市中山區民權西路25號1樓', '縣市政府', '25.06301400', '121.5215020', '特優級', '混合廁所'),
(278, 'O', '400008', '三商巧福民權店', '臺北市中山區民權西路45號', '縣市政府', '25.06302500', '121.5209610', '特優級', '混合廁所'),
(279, 'U', '400010', '臺北市立圖書館恆安民眾閱覽室1F', '臺北市中山區民權東路一段71巷19號', '縣市政府', '25.06386800', '121.5271960', '特優級', '無障礙廁所'),
(280, 'U', '400010', '臺北市立圖書館恆安民眾閱覽室3F', '臺北市中山區民權東路一段71巷19號', '縣市政府', '25.06386800', '121.5271960', '特優級', '女廁所'),
(281, 'U', '400010', '臺北市立圖書館恆安民眾閱覽室5F', '臺北市中山區民權東路一段71巷19號', '縣市政府', '25.06386800', '121.5271960', '特優級', '男廁所'),
(282, 'G', '400010', '捷運中山國小站非付費區', '臺北市中山區民權東路一段71號B1', '縣市政府', '25.06279800', '121.5271080', '特優級', '女廁所'),
(283, 'G', '400010', '捷運中山國小站付費區', '臺北市中山區民權東路一段71號B1', '縣市政府', '25.06279800', '121.5271080', '特優級', '親子廁所'),
(284, 'V', '400012', '臺北市立美術館B2', '臺北市中山區中山北路三段181號', '縣市政府', '25.07240300', '121.5247600', '特優級', '女廁所'),
(285, 'V', '400012', '臺北市立美術館B2圖書館多功能', '臺北市中山區中山北路三段181號', '縣市政府', '25.07240300', '121.5247600', '特優級', '親子廁所'),
(286, 'V', '400012', '臺北市立美術館2F多功能', '臺北市中山區中山北路三段181號', '縣市政府', '25.07240300', '121.5247600', '特優級', '親子廁所'),
(287, 'D', '400012', '花博公園輕食區', '臺北市中山區玉門街1號', '縣市政府', '25.06913000', '121.5219350', '特優級', '女廁所'),
(288, 'D', '400012', '花博公園圓山出入口', '臺北市中山區玉門街1號', '縣市政府', '25.07031600', '121.5206410', '優等級', '男廁所'),
(289, 'D', '400012', '花博公園爭艷館', '臺北市中山區玉門街1號', '縣市政府', '25.06906800', '121.5207220', '優等級', '男廁所'),
(290, 'X', '400012', '臨濟護國禪寺', '臺北市中山區玉門街9號', '縣市政府', '25.07255100', '121.5208580', '特優級', '男廁所'),
(291, 'N', '400012', '歐華酒店1F', '臺北市中山區林森北路646號', '縣市政府', '25.06812300', '121.5257200', '特優級', '男廁所'),
(292, 'E', '400013', '公有大直市場', '臺北市中山區北安路476號', '縣市政府', '25.07953500', '121.5448210', '優等級', '混合廁所'),
(293, 'G', '400013', '捷運大直站', '臺北市中山區北安路534號之1', '縣市政府', '25.07944600', '121.5470780', '特優級', '親子廁所'),
(294, 'U', '400014', '臺北市立圖書館大直分館4F', '臺北市中山區大直街25號3、4、5樓', '縣市政府', '25.08185000', '121.5466870', '特優級', '女廁所'),
(295, 'O', '400014', '摩斯漢堡實踐大學店', '臺北市中山區大直街59號', '縣市政府', '25.08385000', '121.5463830', '特優級', '混合廁所'),
(296, 'N', '400015', '台北圓山飯店2樓', '臺北市中山區中山北路四段1號', '縣市政府', '25.07857500', '121.5261430', '特優級', '女廁所'),
(297, 'O', '400020', '麥當勞台北民權二店', '臺北市中山區民權東路二段43號1-2樓', '縣市政府', '25.06284000', '121.5304400', '優等級', '男廁所'),
(298, 'D', '400023', '花博公園生活館1F', '臺北市中山區玉門街1號', '縣市政府', '25.07090500', '121.5321230', '特優級', '混合廁所'),
(299, 'D', '400023', '花博公園濱江街', '臺北市中山區玉門街1號', '縣市政府', '25.07102600', '121.5298030', '特優級', '女廁所'),
(300, 'V', '400024', '榮星公園游泳池1F', '臺北市中山區建國北路3段39號', '縣市政府', '25.06391400', '121.5376130', '優等級', '女廁所'),
(301, 'O', '400024', '統一星巴克民權門市', '臺北市中山區民權東路三段88號', '縣市政府', '25.06198500', '121.5439800', '特優級', '混合廁所'),
(302, 'U', '400024', '中山社福中心', '臺北市中山區合江街137號', '縣市政府', '25.06161100', '121.5393470', '特優級', '男廁所'),
(303, 'E', '400025', '臺北第二果菜批發市場(濱江)南區1號B1', '臺北市中山區民族東路336號', '縣市政府', '25.06801300', '121.5372260', '優等級', '男廁所'),
(304, 'E', '400025', '臺北第二果菜批發市場(濱江)東區1號1樓', '臺北市中山區民族東路336號', '縣市政府', '25.06801300', '121.5372260', '優等級', '女廁所'),
(305, 'E', '400025', '臺北第二果菜批發市場(濱江)西區2號1樓', '臺北市中山區民族東路336號', '縣市政府', '25.06801300', '121.5372260', '優等級', '男廁所'),
(306, 'X', '400026', '行天宮', '臺北市中山區民權東路二段109號', '縣市政府', '25.06282400', '121.5336330', '優等級', '女廁所'),
(307, 'A', '400027', '市民大道地下停車場林金段林森長安1號出口B2', '臺北市中山區林森北路-金山北路間地下', '縣市政府', '25.04807400', '121.5241220', '優等級', '混合廁所'),
(308, 'G', '400030', '捷運(松山線)松江南京站站外東', '台北市中山區松江路126號', '縣市政府', '25.05270900', '121.5327650', '特優級', '親子廁所'),
(309, 'G', '400030', '捷運(松山線)松江南京站站外西', '臺北市中山區松江路126號', '縣市政府', '25.05270900', '121.5327650', '特優級', '女廁所'),
(310, 'G', '400030', '捷運松江南京站付費區', '臺北市中山區松江路126號B1', '縣市政府', '25.05268900', '121.5327440', '特優級', '男廁所'),
(311, 'G', '400030', '捷運松江南京站付費區', '臺北市中山區松江路126號B1', '縣市政府', '25.05268900', '121.5327440', '特優級', '親子廁所'),
(312, 'M', '400031', '玩具反斗城臺北新生店', '臺北市中山區新生北路2段28號1樓', '縣市政府', '25.05413300', '121.5275390', '特優級', '女廁所'),
(313, 'C', '400032', '台灣中油吉林路加油站', '臺北市中山區興亞里吉林路31號', '經濟部', '25.05093400', '121.5301750', '特優級', '混合廁所'),
(314, 'T', '400033', '國稅局中北稽徵所2樓', '臺北市中山區松江路219號', '財政部', '25.05766000', '121.5333940', '特優級', '無障礙廁所'),
(315, 'T', '400033', '國稅局中南稽徵所4樓', '臺北市中山區松江路219號', '財政部', '25.05766000', '121.5333940', '特優級', '男廁所'),
(316, 'T', '400033', '國稅局中北稽徵所3樓', '臺北市中山區松江路219號', '財政部', '25.05766000', '121.5333940', '特優級', '男廁所'),
(317, 'N', '400033', '六福客棧', '臺北市中山區長春路168號', '縣市政府', '25.05473300', '121.5335300', '優等級', '混合廁所'),
(318, 'P', '400033', '國賓影城台北長春廣場B廳B1F', '臺北市中山區長春路172號1、2樓及Ｂ1', '縣市政府', '25.05475100', '121.5336080', '特優級', '男廁所'),
(319, 'P', '400033', '國賓影城台北長春廣場A廳1F', '臺北市中山區長春路172號1、2樓及Ｂ1', '縣市政府', '25.05475100', '121.5336080', '特優級', '混合廁所'),
(320, 'P', '400033', '國賓影城台北長春廣場3樓', '臺北市中山區長春路176號', '縣市政府', '25.05443600', '121.5341260', '特優級', '男廁所'),
(321, 'E', '400035', '公有長春市場2樓', '臺北市中山區長春路299號', '縣市政府', '25.05472600', '121.5425030', '優等級', '混合廁所'),
(322, 'A', '400037', '進安公園地下停車場', '台北市中山區八德路二段158號B1-B3', '縣市政府', '25.04618200', '121.5377020', '優等級', '混合廁所'),
(323, 'T', '400040', '國稅局松山分局3F', '臺北市中山區南京東路3段131號4樓', '財政部', '25.05212800', '121.5406630', '特優級', '女廁所'),
(324, 'N', '400040', '首都大飯店1F', '臺北市中山區建國北路二段7號', '縣市政府', '25.05267300', '121.5370330', '特優級', '親子廁所'),
(325, 'L', '400040', '統一超商臺北市龍京門市', '臺北市中山區龍江路104號1樓', '縣市政府', '25.05273500', '121.5403170', '優等級', '混合廁所'),
(326, 'R', '400041', '美麗華百樂園本館5樓北', '臺北市中山區敬業三路20號', '縣市政府', '25.08283700', '121.5572930', '特優級', '女廁所'),
(327, 'R', '400041', '美麗華百樂園本館4樓北', '臺北市中山區敬業三路20號', '縣市政府', '25.08283700', '121.5572930', '特優級', '男廁所'),
(328, 'R', '400041', '美麗華百樂園本館2樓南', '臺北市中山區敬業三路20號', '縣市政府', '25.08283700', '121.5572930', '特優級', '女廁所'),
(329, 'R', '400041', '美麗華百樂園本館3樓北', '臺北市中山區敬業三路20號', '縣市政府', '25.08283700', '121.5572930', '特優級', '女廁所'),
(330, 'A', '400041', '濱江國中地下停車場', '臺北市中山區樂群二路266巷1號地下', '縣市政府', '25.07931900', '121.5608640', '優等級', '女廁所'),
(331, 'V', '500001', '寶藏巖國際藝術村51弄', '臺北市中正區汀州路三段230巷37弄4-8號', '縣市政府', '25.01090000', '121.5325000', '特優級', '混合廁所'),
(332, 'V', '500001', '寶藏巖國際藝術村61號', '臺北市中正區汀州路三段230巷37弄4-8號', '縣市政府', '25.01090000', '121.5325000', '特優級', '男廁所'),
(333, 'V', '500001', '自來水園區噴泉旁', '臺北市中正區思源街1號', '縣市政府', '25.01471700', '121.5323060', '特優級', '女廁所'),
(334, 'V', '500001', '自來水園區教育館旁', '臺北市中正區思源街1號', '縣市政府', '25.01471700', '121.5323060', '特優級', '男廁所'),
(335, 'V', '500001', '自來水園區山區', '臺北市中正區思源街1號', '縣市政府', '25.01471700', '121.5323060', '特優級', '女廁所'),
(336, 'V', '500001', '洛德城堡外圍停車場', '臺北市中正區思源街1號', '其他', '25.01471700', '121.5323060', '優等級', '男廁所'),
(337, 'V', '500001', '洛德城堡水霧區', '臺北市中正區思源街1號', '其他', '25.01471700', '121.5323060', '優等級', '女廁所'),
(338, 'O', '500001', '統一星巴克公館門市2F', '臺北市中正區羅斯福路4段26號2樓', '縣市政府', '25.01545800', '121.5332800', '特優級', '混合廁所'),
(339, 'E', '500001', '公有水源市場2樓', '臺北市中正區羅斯福路4段92號', '縣市政府', '25.01376100', '121.5350100', '優等級', '男廁所'),
(340, 'V', '500001', '水源劇場C區', '臺北市中正區羅斯福路四段92號10樓', '縣市政府', '25.01374300', '121.5350050', '特優級', '無障礙廁所'),
(341, 'T', '500001', '臺北市交通事件裁決所8F-1', '臺北市中正區羅斯福路四段92號7樓、8樓', '縣市政府', '25.01374300', '121.5350050', '特優級', '男廁所'),
(342, 'S', '500001', '三軍總醫院汀州院區201-2', '臺北市中正區汀州路3段40號', '國防部', '25.01650000', '121.5298910', '特優級', '女廁所'),
(343, 'S', '500001', '三軍總醫院汀州院區102-2', '臺北市中正區汀州路三段40號', '國防部', '25.01647600', '121.5298290', '特優級', '女廁所'),
(344, 'S', '500001', '三軍總醫院汀州院區104', '臺北市中正區汀州路三段40號', '國防部', '25.01647600', '121.5298290', '特優級', '女廁所'),
(345, 'S', '500001', '三軍總醫院汀州院區105-1', '臺北市中正區汀州路三段40號', '國防部', '25.01647600', '121.5298290', '特優級', '男廁所'),
(346, 'A', '500001', '嘟嘟房臺大水源站停車場B1', '臺北市中正區思源路16之1號B1-B2', '縣市政府', '25.01418900', '121.5300950', '特優級', '無障礙廁所'),
(347, 'A', '500001', '嘟嘟房臺大水源站停車場B2', '臺北市中正區思源路16之1號B1-B2', '縣市政府', '25.01418900', '121.5300950', '優等級', '無障礙廁所'),
(348, 'G', '500003', '捷運台電大樓站', '臺北市中正區羅斯福路三段216-5號B1F', '縣市政府', '25.01892700', '121.5297080', '特優級', '親子廁所'),
(349, 'V', '500004', '臺北市客家文化主題公園客家文化中心3F', '臺北市中正區汀州路三段2號', '縣市政府', '25.02030000', '121.5253000', '特優級', '男廁所'),
(350, 'V', '500004', '臺北市客家文化主題公園客家文化中心4F', '臺北市中正區汀州路三段2號', '縣市政府', '25.02030000', '121.5253000', '特優級', '男廁所'),
(351, 'V', '500004', '臺北市客家文化主題公園客家文化中心B1', '臺北市中正區汀州路三段2號', '縣市政府', '25.02030000', '121.5253000', '特優級', '男廁所'),
(352, 'V', '500004', '臺北市客家文化主題公園客家音樂戲劇中心1樓', '臺北市中正區汀州路三段2號', '縣市政府', '25.02030000', '121.5253000', '特優級', '男廁所'),
(353, 'V', '500004', '臺北市客家文化主題公園客家音樂戲劇中心2樓', '臺北市中正區汀州路三段2號', '縣市政府', '25.02030000', '121.5253000', '特優級', '男廁所'),
(354, 'D', '500004', '古亭河濱公園', '臺北市中正區同安街底永福橋至中正橋間', '縣市政府', '25.02638800', '121.5225610', '特優級', '男廁所'),
(355, 'V', '500005', '紀州庵新館2F', '臺北市中正區同安街115號', '縣市政府', '25.02113300', '121.5203530', '特優級', '女廁所'),
(356, 'U', '500006', '王貫英紀念圖書館2F', '臺北市中正區汀州路二段265號', '縣市政府', '25.02263800', '121.5238180', '優等級', '女廁所'),
(357, 'U', '500006', '王貫英紀念圖書館1F', '臺北市中正區汀州路二段265號', '縣市政府', '25.02263800', '121.5238180', '優等級', '女廁所'),
(358, 'L', '500007', 'OK超商臺北市廈門店', '臺北市中正區廈門街113巷17號', '縣市政府', '25.02352000', '121.5192240', '優等級', '混合廁所'),
(359, 'O', '500008', '夏慕尼南昌店', '臺北市中正區南昌路二段112號2樓', '縣市政府', '25.02583800', '121.5221730', '特優級', '無障礙廁所'),
(360, 'U', '500014', '臺北市立圖書館南機場借還書工作站1F', '臺北市中正區中華路2段315巷16號1樓', '縣市政府', '25.02843300', '121.5069760', '優等級', '混合廁所'),
(361, 'C', '500015', '台灣中油莒光路加油站', '臺北市中正區廈安里莒光路2號', '經濟部', '25.03142900', '121.5073200', '優等級', '女廁所'),
(362, 'O', '500017', '三商巧福延平店', '臺北市中正區延平南路187之1號', '縣市政府', '25.03403000', '121.5075660', '優等級', '混合廁所'),
(363, 'V', '500017', '國立臺灣藝術教育館東', '臺北市中正區南海路43號', '其他', '25.03269800', '121.5115940', '特優級', '女廁所'),
(364, 'V', '500017', '國立歷史博物館1F', '臺北市中正區南海路49號', '文化部', '25.03141000', '121.5111790', '特優級', '男廁所'),
(365, 'V', '500017', '國立歷史博物館2F', '臺北市中正區南海路49號', '文化部', '25.03141000', '121.5111790', '特優級', '女廁所'),
(366, 'V', '500017', '國立歷史博物館4F', '臺北市中正區南海路49號', '文化部', '25.03141000', '121.5111790', '特優級', '男廁所'),
(367, 'V', '500017', '台北植物園南門町', '臺北市中正區南海路53號', '行政院農業委員會', '25.03121200', '121.5101920', '優等級', '女廁所'),
(368, 'V', '500017', '台北植物園園內B區', '臺北市中正區南海路53號', '行政院農業委員會', '25.03121200', '121.5101920', '特優級', '無障礙廁所'),
(369, 'V', '500017', '台北植物園園內B', '臺北市中正區南海路53號', '行政院農業委員會', '25.03121200', '121.5101920', '特優級', '男廁所'),
(370, 'T', '500017', '內政部入出國及移民署B1', '臺北市中正區廣州街15號', '縣市政府', '25.03571800', '121.5081810', '特優級', '無障礙廁所'),
(371, 'V', '500018', '二二八國家紀念館', '臺北市中正區南海路54號', '縣市政府', '25.03161500', '121.5137930', '特優級', '女廁所'),
(372, 'O', '500020', '摩斯漢堡公園店', '臺北市中正區公園路38號1樓', '縣市政府', '25.04384700', '121.5166770', '優等級', '男廁所'),
(373, 'T', '500020', '臺北市中正區健康服務中心1F', '臺北市中正區牯嶺街24號2樓', '縣市政府', '25.03042400', '121.5159950', '優等級', '男廁所'),
(374, 'V', '500020', '郵政博物館7樓', '臺北市中正區重慶南路二段45號', '交通部', '25.03173100', '121.5146960', '特優級', '女廁所'),
(375, 'V', '500020', '郵政博物館2樓', '臺北市中正區重慶南路二段45號', '交通部', '25.03173100', '121.5146960', '特優級', '女廁所'),
(376, 'V', '500020', '郵政博物館4樓', '臺北市中正區重慶南路二段45號', '交通部', '25.03173100', '121.5146960', '特優級', '男廁所'),
(377, 'V', '500020', '郵政博物館5樓', '臺北市中正區重慶南路二段45號', '交通部', '25.03173100', '121.5146960', '特優級', '女廁所'),
(378, 'V', '500020', '郵政博物館2樓', '臺北市中正區重慶南路二段45號', '交通部', '25.03173100', '121.5146960', '特優級', '男廁所'),
(379, 'O', '500020', '吉野家台大店', '臺北市中正區羅斯福路一段6號', '縣市政府', '25.03329200', '121.5175650', '特優級', '混合廁所'),
(380, 'G', '500020', '捷運中正紀念堂站北', '臺北市中正區羅斯福路一段8之1號', '縣市政府', '25.03225100', '121.5183630', '特優級', '男廁所'),
(381, 'O', '500021', '麥當勞台北濟南店', '臺北市中正區濟南路二段66號1樓', '縣市政府', '25.04008400', '121.5325400', '特優級', '女廁所'),
(382, 'T', '500022', '國家圖書館南2F', '臺北市中正區中山南路20號', '教育部', '25.03733900', '121.5165810', '特優級', '女廁所'),
(383, 'T', '500022', '國家圖書館3F', '臺北市中正區中山南路20號', '教育部', '25.03733900', '121.5165810', '特優級', '男廁所'),
(384, 'T', '500022', '國家圖書館4F川堂', '臺北市中正區中山南路20號', '教育部', '25.03733900', '121.5165810', '特優級', '女廁所'),
(385, 'T', '500022', '行政院環境保護署2F', '臺北市中正區中華路一段83號', '環保署', '25.03851500', '121.5076440', '特優級', '女廁所'),
(386, 'T', '500022', '行政院環境保護署4F', '臺北市中正區中華路一段83號', '環保署', '25.03851500', '121.5076440', '特優級', '男廁所'),
(387, 'T', '500022', '行政院環境保護署5F', '臺北市中正區中華路一段83號', '環保署', '25.03851500', '121.5076440', '特優級', '男廁所'),
(388, 'T', '500022', '行政院環境保護署11F', '臺北市中正區中華路一段83號', '環保署', '25.03851500', '121.5076440', '特優級', '男廁所'),
(389, 'T', '500022', '文化大學大新館1F', '臺北市中正區延平南路127號', '其他', '25.03841100', '121.5086940', '特優級', '無障礙廁所'),
(390, 'O', '500022', '三軍軍官俱樂部', '臺北市中正區延平南路142號', '縣市政府', '25.03961900', '121.5086420', '特優級', '無障礙廁所'),
(391, 'U', '500022', '藝術暨視聽資料中心1F', '臺北市中正區延平南路156號', '教育部', '25.03796500', '121.5083970', '特優級', '男廁所'),
(392, 'O', '500022', '軍人之友社附設餐廳2樓百合', '臺北市中正區長沙街一段20號', '縣市政府', '25.04034900', '121.5090720', '特優級', '女廁所'),
(393, 'T', '500022', '總統府4號門', '臺北市中正區重慶南路1段122號', '其他', '25.03991400', '121.5125370', '特優級', '女廁所'),
(394, 'T', '500022', '臺灣臺北地方法院南側1F', '臺北市中正區博愛路131號', '司法院', '25.03697700', '121.5112210', '特優級', '女廁所'),
(395, 'T', '500022', '臺灣臺北地方法院北側3F', '臺北市中正區博愛路131號', '司法院', '25.03697700', '121.5112210', '特優級', '男廁所'),
(396, 'T', '500022', '臺灣臺北地方法院南側2F', '臺北市中正區博愛路131號', '司法院', '25.03697700', '121.5112210', '特優級', '女廁所'),
(397, 'T', '500022', '東吳大學城區部2大樓東側6F', '臺北市中正區貴陽街一段56號', '其他', '25.03891800', '121.5099970', '特優級', '女廁所'),
(398, 'T', '500022', '東吳大學城區部5大樓1F', '臺北市中正區貴陽街一段56號', '其他', '25.03891800', '121.5099970', '特優級', '男廁所'),
(399, 'T', '500022', '東吳大學城區部5大樓5F', '臺北市中正區貴陽街一段56號', '其他', '25.03891800', '121.5099970', '特優級', '男廁所'),
(400, 'T', '500022', '東吳大學城區部5大樓6F', '臺北市中正區貴陽街一段56號', '其他', '25.03891800', '121.5099970', '特優級', '女廁所'),
(401, 'T', '500022', '東吳大學城區部2大樓東側3F', '臺北市中正區貴陽街一段56號', '其他', '25.03891800', '121.5099970', '特優級', '女廁所'),
(402, 'T', '500022', '東吳大學城區部6大樓右6F', '臺北市中正區貴陽街一段56號', '其他', '25.03891800', '121.5099970', '特優級', '女廁所'),
(403, 'T', '500022', '東吳大學城區部6大樓左3F', '臺北市中正區貴陽街一段56號', '其他', '25.03891800', '121.5099970', '特優級', '女廁所'),
(404, 'T', '500022', '東吳大學城區部6大樓左6F', '臺北市中正區貴陽街一段56號', '其他', '25.03891800', '121.5099970', '特優級', '男廁所'),
(405, 'T', '500022', '東吳大學城區部1大樓3F', '臺北市中正區貴陽街一段56號', '其他', '25.03891800', '121.5099970', '特優級', '男廁所'),
(406, 'T', '500022', '東吳大學城區部1大樓4F', '臺北市中正區貴陽街一段56號', '其他', '25.03891800', '121.5099970', '特優級', '女廁所'),
(407, 'T', '500022', '東吳大學城區部2大樓東側2F', '臺北市中正區貴陽街一段56號', '其他', '25.03891800', '121.5099970', '特優級', '男廁所'),
(408, 'T', '500022', '東吳大學城區部2大樓西側4F', '臺北市中正區貴陽街一段56號', '其他', '25.03891800', '121.5099970', '特優級', '女廁所'),
(409, 'T', '500022', '臺北市立大學科學1F', '臺北市中正區愛國西路1號', '教育部', '25.03528700', '121.5144550', '特優級', '女廁所'),
(410, 'T', '500022', '臺北市立大學藝術左1F', '臺北市中正區愛國西路1號', '教育部', '25.03528700', '121.5144550', '特優級', '女廁所'),
(411, 'T', '500022', '臺北市立大學公誠樓6F', '臺北市中正區愛國西路1號', '教育部', '25.03528700', '121.5144550', '特優級', '男廁所'),
(412, 'T', '500022', '臺北市立大學公誠樓5F', '臺北市中正區愛國西路1號', '教育部', '25.03528700', '121.5144550', '特優級', '女廁所'),
(413, 'T', '500022', '臺北市立大學公誠樓4F', '臺北市中正區愛國西路1號', '教育部', '25.03528700', '121.5144550', '特優級', '無障礙廁所'),
(414, 'T', '500022', '臺北市立大學公誠樓3F', '臺北市中正區愛國西路1號', '教育部', '25.03528700', '121.5144550', '特優級', '無障礙廁所'),
(415, 'R', '500022', '遠東百貨(寶慶遠百)7FA區', '臺北市中正區寶慶路27號', '縣市政府', '25.04146500', '121.5105890', '特優級', '男廁所'),
(416, 'R', '500022', '遠東百貨(寶慶遠百)2FC區', '臺北市中正區寶慶路27號', '縣市政府', '25.04146500', '121.5105890', '特優級', '男廁所'),
(417, 'R', '500022', '遠東百貨(寶慶遠百)3FC區', '臺北市中正區寶慶路27號', '縣市政府', '25.04146500', '121.5105890', '特優級', '女廁所'),
(418, 'R', '500022', '遠東百貨(寶慶遠百)5FC區', '臺北市中正區寶慶路27號', '縣市政府', '25.04146500', '121.5105890', '特優級', '男廁所'),
(419, 'T', '500023', '中山堂中正南3F', '臺北市中正區延平南路98號', '縣市政府', '25.04284200', '121.5096840', '特優級', '男廁所'),
(420, 'D', '500024', '逸仙公園', '臺北市中正區中山北路、北平西路交叉口國父史蹟紀念館內', '縣市政府', '25.04746300', '121.5200410', '優等級', '女廁所'),
(421, 'O', '500024', '麥當勞台北公園店', '臺北市中正區公園路30號之1壹樓及30號貳樓之1', '縣市政府', '25.04445100', '121.5169000', '優等級', '女廁所'),
(422, 'A', '500024', '國光汽車客運西站', '臺北市中正區北平西路10號', '其他', '25.04804700', '121.5189360', '特優級', '女廁所'),
(423, 'F', '500024', '微風臺北車站1號', '臺北市中正區北平西路3號1F東一門', '交通部', '25.04789300', '121.5169890', '特優級', '男廁所'),
(424, 'H', '500024', '高鐵臺北站西側', '臺北市中正區北平西路3號1樓', '交通部', '25.04789300', '121.5169890', '特優級', '無障礙廁所'),
(425, 'H', '500024', '高鐵臺北站東側', '臺北市中正區北平西路3號1樓', '交通部', '25.04789300', '121.5169890', '特優級', '無障礙廁所'),
(426, 'F', '500024', '微風臺北車站2F東', '臺北市中正區北平西路3號2F', '交通部', '25.04730700', '121.5166040', '特優級', '女廁所'),
(427, 'F', '500024', '微風臺北車站2F東', '臺北市中正區北平西路3號2F', '交通部', '25.04789300', '121.5169890', '特優級', '無障礙廁所'),
(428, 'F', '500024', '臺北火車站8號', '臺北市中正區北平西路3號B1西北角', '交通部', '25.04841500', '121.5164960', '特優級', '女廁所'),
(429, 'F', '500024', '臺北火車站4號', '臺北市中正區北平西路3號B1西剪票口內', '交通部', '25.04790700', '121.5160280', '特優級', '男廁所'),
(430, 'F', '500024', '臺北火車站6號', '臺北市中正區北平西路3號B1東北角', '交通部', '25.04813100', '121.5177890', '特優級', '無障礙廁所'),
(431, 'F', '500024', '臺北火車站6號', '臺北市中正區北平西路3號B1東北角', '交通部', '25.04813100', '121.5177890', '特優級', '女廁所'),
(432, 'F', '500024', '臺北火車站東停車場', '臺北市中正區北平西路3號B1東南角停車場內', '交通部', '25.04710700', '121.5177670', '特優級', '女廁所'),
(433, 'F', '500024', '臺北火車站5號', '臺北市中正區北平西路3號B1東剪票口內', '交通部', '25.04788600', '121.5162220', '特優級', '無障礙廁所'),
(434, 'F', '500024', '臺北火車站魔法森林', '臺北市中正區北平西路3號一樓東一出口旁', '交通部', '25.04789300', '121.5169890', '特優級', '無障礙廁所'),
(435, 'R', '500024', '臺北地下街(Y17)', '臺北市中正區市民大道100號', '縣市政府', '25.04844500', '121.5174800', '特優級', '男廁所'),
(436, 'R', '500024', '臺北地下街(Y13)', '臺北市中正區市民大道100號', '縣市政府', '25.04844500', '121.5174800', '特優級', '女廁所'),
(437, 'R', '500024', '臺北地下街(Y1)', '臺北市中正區市民大道100號', '縣市政府', '25.04844500', '121.5174800', '特優級', '男廁所'),
(438, 'R', '500024', '誠品站前店(地下街K區)東', '臺北市中正區忠孝西路一段47號B1', '縣市政府', '25.04675300', '121.5171770', '特優級', '男廁所'),
(439, 'R', '500024', '誠品站前店(地下街K區)中', '臺北市中正區忠孝西路一段47號B1', '縣市政府', '25.04675300', '121.5171770', '特優級', '女廁所'),
(440, 'R', '500024', '誠品站前店(地下街K區)停車場', '臺北市中正區忠孝西路一段47號B1', '縣市政府', '25.04675300', '121.5171770', '特優級', '男廁所'),
(441, 'G', '500024', '捷運台北車站BL7', '臺北市中正區忠孝西路一段49號', '縣市政府', '25.04651400', '121.5172350', '特優級', '親子廁所'),
(442, 'R', '500024', '站前地下街(Z區)西', '臺北市中正區忠孝西路一段50-1號', '縣市政府', '25.04652400', '121.5155860', '特優級', '女廁所'),
(443, 'R', '500024', '新光三越台北站前店12F', '臺北市中正區忠孝西路一段66號', '縣市政府', '25.04599200', '121.5152940', '特優級', '無障礙廁所'),
(444, 'R', '500024', '新光三越台北站前店2F', '臺北市中正區忠孝西路一段66號', '縣市政府', '25.04599200', '121.5152940', '特優級', '女廁所'),
(445, 'R', '500024', '新光三越台北站前店7F', '臺北市中正區忠孝西路一段66號', '縣市政府', '25.04599200', '121.5152940', '特優級', '男廁所'),
(446, 'R', '500024', '新光三越台北站前店11F', '臺北市中正區忠孝西路一段66號', '縣市政府', '25.04599200', '121.5152940', '特優級', '女廁所'),
(447, 'R', '500024', '新光三越台北站前店13F', '臺北市中正區忠孝西路一段66號', '縣市政府', '25.04599200', '121.5152940', '特優級', '女廁所'),
(448, 'S', '500024', '臺大醫院西3F', '臺北市中正區常德街1號', '縣市政府', '25.04140000', '121.5171720', '特優級', '女廁所'),
(449, 'S', '500024', '臺大醫院東2F', '臺北市中正區常德街1號', '縣市政府', '25.04140000', '121.5171720', '特優級', '女廁所'),
(450, 'S', '500024', '臺大醫院東4F', '臺北市中正區常德街1號', '縣市政府', '25.04140000', '121.5171720', '特優級', '女廁所'),
(451, 'S', '500024', '臺大醫院西2F', '臺北市中正區常德街1號', '縣市政府', '25.04140000', '121.5171720', '特優級', '女廁所'),
(452, 'S', '500024', '臺大醫院東址1F-02-0', '臺北市中正區常德街1號', '縣市政府', '25.04140000', '121.5171720', '特優級', '女廁所'),
(453, 'S', '500024', '臺大醫院東址1F-03-2', '臺北市中正區常德街1號', '縣市政府', '25.04140000', '121.5171720', '特優級', '女廁所'),
(454, 'S', '500024', '臺大醫院東址1F-11-1', '臺北市中正區常德街1號', '縣市政府', '25.04140000', '121.5171720', '特優級', '女廁所'),
(455, 'S', '500024', '臺大醫院兒醫1F-01-1', '臺北市中正區常德街1號', '縣市政府', '25.04140000', '121.5171720', '特優級', '男廁所'),
(456, 'S', '500024', '臺大醫院兒醫1F-02-0', '臺北市中正區常德街1號', '縣市政府', '25.04140000', '121.5171720', '特優級', '男廁所'),
(457, 'S', '500024', '臺大醫院兒醫3F-03-0', '臺北市中正區常德街1號', '縣市政府', '25.04140000', '121.5171720', '特優級', '無障礙廁所'),
(458, 'S', '500024', '臺大醫院兒醫B1-02-0', '臺北市中正區常德街1號', '縣市政府', '25.04140000', '121.5171720', '特優級', '男廁所'),
(459, 'S', '500024', '臺大醫院兒醫B1-03-1', '臺北市中正區常德街1號', '縣市政府', '25.04140000', '121.5171720', '特優級', '女廁所'),
(460, 'S', '500024', '臺大醫院一東2F-02-2', '臺北市中正區常德街1號', '縣市政府', '25.04140000', '121.5171720', '特優級', '女廁所'),
(461, 'S', '500024', '臺大醫院二東2F-01-0', '臺北市中正區常德街1號', '縣市政府', '25.04140000', '121.5171720', '特優級', '男廁所'),
(462, 'S', '500024', '臺大醫院二東1F-01-1', '臺北市中正區常德街1號', '縣市政府', '25.04140000', '121.5171720', '特優級', '男廁所'),
(463, 'S', '500024', '臺大醫院三東1F-01-2', '臺北市中正區常德街1號', '縣市政府', '25.04140000', '121.5171720', '特優級', '男廁所'),
(464, 'S', '500024', '臺大醫院三西1F-02-1', '臺北市中正區常德街1號', '縣市政府', '25.04140000', '121.5171720', '特優級', '男廁所'),
(465, 'S', '500024', '臺大醫院六西1F-01-2', '臺北市中正區常德街1號', '縣市政府', '25.04140000', '121.5171720', '特優級', '男廁所'),
(466, 'S', '500024', '臺大醫院九西1F-01-1', '臺北市中正區常德街1號', '縣市政府', '25.04140000', '121.5171720', '特優級', '男廁所'),
(467, 'S', '500024', '臺大醫院檢驗2F-02-2', '臺北市中正區常德街1號', '縣市政府', '25.04140000', '121.5171720', '特優級', '女廁所'),
(468, 'V', '500024', '二二八紀念館北棟', '臺北市中正區凱達格蘭大道3號', '縣市政府', '25.04027100', '121.5156140', '特優級', '男廁所'),
(469, 'V', '500024', '二二八紀念館南棟', '臺北市中正區凱達格蘭大道3號', '縣市政府', '25.04042100', '121.5156140', '特優級', '女廁所'),
(470, 'O', '500024', '丹堤咖啡漢口懷寧店', '臺北市中正區漢口街一段38號1樓', '縣市政府', '25.04509300', '121.5136990', '特優級', '混合廁所'),
(471, 'G', '500024', '桃園國際機場捷運臺北站詢問臺旁', '臺北市中正區鄭州路8號', '縣市政府', '25.04873700', '121.5137720', '特優級', '女廁所'),
(472, 'G', '500024', '桃園國際機場捷運臺北站D棟', '臺北市中正區鄭州路8號', '縣市政府', '25.04873700', '121.5137720', '特優級', '女廁所'),
(473, 'V', '500024', '國立臺灣博物館土銀展示館1F', '臺北市中正區襄陽路25號', '文化部', '25.04320800', '121.5151830', '特優級', '女廁所');
INSERT INTO `廁所總表` (`To_ID`, `To_Type`, `To_Village`, `To_Name`, `To_Address`, `Administration`, `Latitude`, `Longitude`, `Grade`, `To_Type2`) VALUES
(474, 'D', '500024', '二二八和平公園2號公園路', '臺北市中正區懷寧街37巷', '縣市政府', '25.04318700', '121.5143440', '特優級', '無障礙廁所'),
(475, 'T', '500025', '臺北市稅捐稽徵處東4F', '臺北市中正區北平東路7之2號', '縣市政府', '25.04663100', '121.5233420', '特優級', '男廁所'),
(476, 'R', '500025', '光華數位新天地2F西', '臺北市中正區市民大道3段8號', '縣市政府', '25.04521600', '121.5321010', '特優級', '男廁所'),
(477, 'R', '500025', '光華數位新天地3F西', '臺北市中正區市民大道3段8號', '縣市政府', '25.04521600', '121.5321010', '特優級', '女廁所'),
(478, 'R', '500025', '光華數位新天地4F西', '臺北市中正區市民大道3段8號', '縣市政府', '25.04521600', '121.5321010', '特優級', '男廁所'),
(479, 'R', '500025', '光華數位新天地1F西', '臺北市中正區市民大道3段8號', '縣市政府', '25.04521600', '121.5321010', '特優級', '無障礙廁所'),
(480, 'A', '500025', '三創文化園區地下停車場B1', '臺北市中正區市民大道三段2號', '縣市政府', '25.04572800', '121.5314310', '特優級', '女廁所'),
(481, 'A', '500025', '三創文化園區地下停車場B4', '臺北市中正區市民大道三段2號', '縣市政府', '25.04572800', '121.5314310', '特優級', '男廁所'),
(482, 'A', '500025', '三創文化園區地下停車場B5', '臺北市中正區市民大道三段2號', '縣市政府', '25.04572800', '121.5314310', '特優級', '女廁所'),
(483, 'R', '500025', '三創生活園區2F', '臺北市中正區市民大道三段2號', '其他', '25.04572800', '121.5314310', '特優級', '無障礙廁所'),
(484, 'T', '500025', '行政院中央大樓東側1F', '臺北市中正區忠孝東路1段1號', '行政院', '25.04602500', '121.5208680', '特優級', '無障礙廁所'),
(485, 'T', '500025', '行政院B區1F', '臺北市中正區忠孝東路1段1號', '行政院', '25.04602500', '121.5208680', '特優級', '女廁所'),
(486, 'X', '500025', '善導寺西側1樓', '臺北市中正區忠孝東路1段23號', '縣市政府', '25.04496600', '121.5248380', '特優級', '女廁所'),
(487, 'X', '500025', '善導寺東側1樓', '臺北市中正區忠孝東路1段23號', '縣市政府', '25.04496600', '121.5248380', '特優級', '無障礙廁所'),
(488, 'T', '500025', '文化大學忠孝館B1', '臺北市中正區忠孝東路1段41號', '其他', '25.04452500', '121.5258380', '特優級', '男廁所'),
(489, 'T', '500025', '文化大學忠孝館2F', '臺北市中正區忠孝東路1段41號', '其他', '25.04452500', '121.5258380', '特優級', '女廁所'),
(490, 'T', '500025', '文化大學忠孝館11F', '臺北市中正區忠孝東路1段41號', '其他', '25.04452500', '121.5258380', '特優級', '混合廁所'),
(491, 'T', '500026', '立法院管理科前', '臺北市中正區中山南路1號', '其他', '25.04399400', '121.5194680', '特優級', '男廁所'),
(492, 'T', '500026', '立法院紅樓3F', '臺北市中正區中山南路1號', '其他', '25.04399400', '121.5194680', '特優級', '女廁所'),
(493, 'T', '500026', '臺北市中正區戶政事務所6樓', '臺北市中正區忠孝東路一段108號', '縣市政府', '25.04419400', '121.5248340', '特優級', '女廁所'),
(494, 'T', '500026', '臺北市中正區戶政事務所7樓', '臺北市中正區忠孝東路一段108號', '縣市政府', '25.04419400', '121.5248340', '特優級', '女廁所'),
(495, 'O', '500026', '麥當勞林森二店', '臺北市中正區林森南路1號', '縣市政府', '25.04441900', '121.5233820', '優等級', '混合廁所'),
(496, 'T', '500026', '臺北市NGO非政府組織會館', '臺北市中正區青島東路8號', '縣市政府', '25.04386700', '121.5221590', '特優級', '無障礙廁所'),
(497, 'T', '500026', '臺北商業大學五育1東', '臺北市中正區濟南路一段321號', '其他', '25.04196100', '121.5253600', '特優級', '男廁所'),
(498, 'A', '500028', '國家兩廳院地下停車場信義路出口', '臺北市中正區中山南路21之1號', '縣市政府', '25.03673100', '121.5190330', '特優級', '女廁所'),
(499, 'A', '500028', '國家兩廳院地下停車場愛國東入口', '臺北市中正區中山南路21之1號', '縣市政府', '25.03673100', '121.5190330', '特優級', '男廁所'),
(500, 'V', '500028', '國立中正紀念堂4號', '臺北市中正區中山南路21號', '文化部', '25.03392900', '121.5196640', '特優級', '無障礙廁所'),
(501, 'V', '500028', '臺北市青少年發展處1樓', '臺北市中正區仁愛路一段17號', '縣市政府', '25.03898500', '121.5218020', '特優級', '無障礙廁所'),
(502, 'V', '500028', '臺北市青少年發展處10樓', '臺北市中正區仁愛路一段17號', '縣市政府', '25.03898500', '121.5218020', '特優級', '無障礙廁所'),
(503, 'V', '500028', '臺北市青少年發展處7F', '臺北市中正區仁愛路一段17號', '縣市政府', '25.03898500', '121.5218020', '特優級', '女廁所'),
(504, 'V', '500028', '臺北市青少年發展處9F', '臺北市中正區仁愛路一段17號', '縣市政府', '25.03898500', '121.5218020', '特優級', '無障礙廁所'),
(505, 'V', '500028', '臺北市青少年發展處1F', '臺北市中正區仁愛路一段17號', '縣市政府', '25.03898500', '121.5218020', '特優級', '女廁所'),
(506, 'V', '500028', '臺北市青少年發展處3F', '臺北市中正區仁愛路一段17號', '縣市政府', '25.03898500', '121.5218020', '特優級', '男廁所'),
(507, 'V', '500028', '臺北市青少年發展處9F', '臺北市中正區仁愛路一段17號', '縣市政府', '25.03898500', '121.5218020', '特優級', '女廁所'),
(508, 'W', '500028', '中正運動中心B2', '臺北市中正區信義路一段1號', '縣市政府', '25.03856900', '121.5188960', '特優級', '女廁所'),
(509, 'W', '500028', '中正運動中心B1', '臺北市中正區信義路一段1號', '縣市政府', '25.03856900', '121.5188960', '特優級', '女廁所'),
(510, 'W', '500028', '中正運動中心7F', '臺北市中正區信義路一段1號', '縣市政府', '25.03856900', '121.5188960', '特優級', '女廁所'),
(511, 'V', '500028', '市長官邸藝文沙龍', '臺北市中正區徐州路46號', '縣市政府', '25.04029800', '121.5248850', '特優級', '女廁所'),
(512, 'E', '500030', '公有東門市場', '臺北市中正區信義路二段81號', '縣市政府', '25.03429100', '121.5270130', '優等級', '混合廁所'),
(513, 'O', '600001', '海霸王餐廳2樓', '臺北市大同區西寧北路7號', '縣市政府', '25.05211300', '121.5086680', '優等級', '女廁所'),
(514, 'O', '600001', '甲天下1樓', '臺北市大同區長安西路287號', '縣市政府', '25.05210700', '121.5094740', '特優級', '無障礙廁所'),
(515, 'G', '600001', '捷運北門站B1站外', '臺北市大同區塔城街10號', '縣市政府', '25.04955400', '121.5101840', '特優級', '親子廁所'),
(516, 'G', '600001', '捷運北門站B2站外', '臺北市大同區塔城街10號', '縣市政府', '25.04955400', '121.5101840', '特優級', '親子廁所'),
(517, 'A', '600001', '塔城公園地下停車場B1', '臺北市大同區塔城街11號地下', '縣市政府', '25.05086800', '121.5106200', '特優級', '無障礙廁所'),
(518, 'A', '600002', '臺北轉運站1F', '臺北市大同區市民大道一段209號', '縣市政府', '25.04878600', '121.5185690', '特優級', '無障礙廁所'),
(519, 'A', '600002', '臺北轉運站4F半', '臺北市大同區市民大道一段209號', '其他', '25.04878600', '121.5185690', '特優級', '男廁所'),
(520, 'P', '600002', '臺北京站威秀影城5F左', '臺北市大同區市民大道一段209號5樓', '縣市政府', '25.04889300', '121.5183500', '特優級', '無障礙廁所'),
(521, 'R', '600002', '京站時尚廣場2F東', '臺北市大同區承德路一段1號', '縣市政府', '25.04934400', '121.5168250', '特優級', '男廁所'),
(522, 'R', '600002', '京站時尚廣場B1西', '臺北市大同區承德路一段1號', '縣市政府', '25.04934400', '121.5168250', '特優級', '女廁所'),
(523, 'R', '600002', '京站時尚廣場B2西', '臺北市大同區承德路一段1號', '縣市政府', '25.04934400', '121.5168250', '特優級', '女廁所'),
(524, 'R', '600002', '京站時尚廣場B3北', '臺北市大同區承德路一段1號', '縣市政府', '25.04934400', '121.5168250', '特優級', '男廁所'),
(525, 'O', '600002', '肯德基臺北承德分公司B1', '臺北市大同區承德路一段38號1樓', '縣市政府', '25.05088800', '121.5167020', '優等級', '男廁所'),
(526, 'V', '600004', '臺北當代藝術館2F', '臺北市大同區長安西路39號', '縣市政府', '25.05056200', '121.5188740', '特優級', '男廁所'),
(527, 'T', '600005', '臺北市市場管理處', '臺北市大同區迪化街一段21號', '縣市政府', '25.05404910', '121.5109080', '優等級', '男廁所'),
(528, 'V', '600005', '大稻埕戲苑8樓(北側靠近民樂街)', '臺北市大同區迪化街一段21號', '縣市政府', '25.05450100', '121.5103250', '優等級', '女廁所'),
(529, 'E', '600005', '公有永樂市場1樓靠迪化街', '臺北市大同區迪化街一段21號', '縣市政府', '25.05537200', '121.5106410', '優等級', '女廁所'),
(530, 'E', '600005', '公有永樂市場3樓靠迪化街', '臺北市大同區迪化街一段21號', '縣市政府', '25.05537200', '121.5106410', '優等級', '男廁所'),
(531, 'U', '600005', '臺北市新移民婦女暨家庭服務中心7樓', '臺北市大同區迪化街一段21號7樓', '縣市政府', '25.05498702', '121.5103608', '優等級', '無障礙廁所'),
(532, 'L', '600007', '統一超商臺北市鑫寧門市', '臺北市大同區民生西路214號', '縣市政府', '25.05690100', '121.5149430', '優等級', '混合廁所'),
(533, 'G', '600008', '捷運松山線中山站站外', '臺北市大同區南京西路55號', '縣市政府', '25.05306900', '121.5194150', '特優級', '女廁所'),
(534, 'R', '600008', '中山地下街M13', '臺北市中山區南京西路16號', '縣市政府', '25.05243300', '121.5206640', '特優級', '男廁所'),
(535, 'V', '600010', '新芳春茶行1樓', '臺北市大同區民生西路309號', '縣市政府', '25.05707900', '121.5125430', '特優級', '親子廁所'),
(536, 'O', '600010', '統一星巴克臺北保安門市', '臺北市大同區保安街11號', '縣市政府', '25.05926100', '121.5131990', '優等級', '混合廁所'),
(537, 'M', '600011', '家樂福重慶店1F', '臺北市大同區重慶北路2段171號', '縣市政府', '25.05902200', '121.5138280', '優等級', '男廁所'),
(538, 'M', '600011', '家樂福重慶店3F', '臺北市大同區重慶北路2段171號', '縣市政府', '25.05902200', '121.5138280', '優等級', '女廁所'),
(539, 'Y', '600011', '雙連區民活動中心', '臺北市大同區萬全街42號1樓', '縣市政府', '25.05858300', '121.5200110', '優等級', '女廁所'),
(540, 'P', '600013', '朝代大戲院', '臺北市大同區民權西路136號4樓', '縣市政府', '25.06287100', '121.5159760', '優等級', '男廁所'),
(541, 'G', '600013', '捷運民權西路站(新蘆線)非付費區', '臺北市大同區民權西路72號1樓', '縣市政府', '25.06260300', '121.5194740', '特優級', '男廁所'),
(542, 'C', '600013', '臺灣中油民權西路加油站', '臺北市大同區民權里民權西路194號', '經濟部', '25.06200413', '121.5077806', '優等級', '男廁所'),
(543, 'A', '600013', '成淵高中地下停車場B1', '臺北市大同區承德路二段235號之1地下室', '縣市政府', '25.06046600', '121.5200290', '特優級', '男廁所'),
(544, 'G', '600015', '捷運大橋頭站(新蘆線)付費區', '臺北市大同區民權西路223號', '縣市政府', '25.06378400', '121.5113540', '特優級', '女廁所'),
(545, 'W', '600016', '大同運動中心4F', '臺北市大同區大龍街51號', '縣市政府', '25.06466500', '121.5163140', '優等級', '男廁所'),
(546, 'Y', '600018', '國慶區民活動中心', '臺北市大同區重慶北路3段76號4樓', '縣市政府', '25.06616900', '121.5134440', '優等級', '男廁所'),
(547, 'Y', '600018', '國慶區民活動中心', '臺北市大同區重慶北路3段76號4樓', '縣市政府', '25.06616900', '121.5134440', '優等級', '女廁所'),
(548, 'E', '600019', '公有蘭州市場', '臺北市大同區昌吉街55號', '縣市政府', '25.06612480', '121.5159076', '優等級', '無障礙廁所'),
(549, 'E', '600019', '公有蘭州市場', '臺北市大同區昌吉街55號', '縣市政府', '25.06594100', '121.5157540', '優等級', '混合廁所'),
(550, 'U', '600023', '臺北市立圖書館大同分館1F', '臺北市大同區重慶北路三段318號', '縣市政府', '25.07427800', '121.5135630', '優等級', '無障礙廁所'),
(551, 'D', '600023', '臺北迪化污水處理廠附設休閒運動公園警衛室旁', '臺北市大同區酒泉街235號', '縣市政府', '25.07227800', '121.5102840', '優等級', '女廁所'),
(552, 'Y', '600023', '老師區民活動中心', '臺北市大同區敦煌路160之2號', '縣市政府', '25.07645000', '121.5127860', '優等級', '無障礙廁所'),
(553, 'X', '600023', '覺修宮B1', '臺北市大同區重慶北路三段340號', '縣市政府', '25.07629100', '121.5135430', '優等級', '女廁所'),
(554, 'X', '600025', '孔廟', '臺北市大同區大龍街275號', '縣市政府', '25.07275134', '121.5162094', '特優級', '無障礙廁所'),
(555, 'Y', '600025', '保生區民活動中心1樓', '臺北市大同區重慶北路3段313巷25號1樓', '縣市政府', '25.07411200', '121.5148910', '優等級', '無障礙廁所'),
(556, 'X', '600025', '保安宮前公園', '臺北市大同區哈密街61號', '縣市政府', '25.07353100', '121.5152600', '優等級', '混合廁所'),
(557, 'X', '600025', '保安宮', '臺北市大同區哈密街61號', '縣市政府', '25.07315900', '121.5154200', '優等級', '男廁所'),
(558, 'E', '700001', '公有西寧市場1F', '臺北市萬華區西寧南路4號', '縣市政府', '25.04809100', '121.5069640', '優等級', '男廁所'),
(559, 'W', '700001', '萬華運動中心3F', '臺北市萬華區西寧南路6之1號', '縣市政府', '25.04706300', '121.5069850', '特優級', '無障礙廁所'),
(560, 'W', '700001', '萬華運動中心1F', '臺北市萬華區西寧南路6之1號', '縣市政府', '25.04706300', '121.5069850', '特優級', '男廁所'),
(561, 'W', '700001', '萬華運動中心2F', '臺北市萬華區西寧南路6之1號', '縣市政府', '25.04706300', '121.5069850', '特優級', '女廁所'),
(562, 'W', '700001', '萬華運動中心4F', '臺北市萬華區西寧南路6之1號', '縣市政府', '25.04706300', '121.5069850', '特優級', '男廁所'),
(563, 'E', '700001', '公有河濱商場210號旁', '臺北市萬華區環河南路1段64號', '縣市政府', '25.04789000', '121.5050440', '優等級', '混合廁所'),
(564, 'A', '700001', '洛陽停車場7樓8號', '臺北市萬華區環河南路一段1號', '縣市政府', '25.04804000', '121.5058040', '優等級', '男廁所'),
(565, 'A', '700001', '洛陽停車場7樓07號', '臺北市萬華區環河南路一段1號', '縣市政府', '25.04804000', '121.5058040', '優等級', '男廁所'),
(566, 'A', '700001', '洛陽停車場7樓06號', '臺北市萬華區環河南路一段1號', '縣市政府', '25.04804000', '121.5058040', '優等級', '男廁所'),
(567, 'A', '700001', '洛陽停車場5樓05號', '臺北市萬華區環河南路一段1號', '縣市政府', '25.04804000', '121.5058040', '優等級', '男廁所'),
(568, 'P', '700002', '台北新光影城1廳中', '臺北市萬華區西寧南路36號4,5樓', '縣市政府', '25.04547300', '121.5062170', '特優級', '女廁所'),
(569, 'P', '700002', '台北新光影城2廳中', '臺北市萬華區西寧南路36號4,5樓', '縣市政府', '25.04547300', '121.5062170', '特優級', '女廁所'),
(570, 'O', '700002', '頂呱呱西門店2F', '臺北市萬華區昆明街92-2號', '縣市政府', '25.04492200', '121.5052850', '優等級', '混合廁所'),
(571, 'R', '700002', '誠品生活武昌店B1', '臺北市萬華區武昌街2段77號', '縣市政府', '25.04507700', '121.5057090', '特優級', '男廁所'),
(572, 'O', '700002', '星期五餐廳西門餐廳', '臺北市萬華區武昌街二段 72 號2樓', '縣市政府', '25.04478100', '121.5063430', '特優級', '男廁所'),
(573, 'P', '700002', '樂聲影城2F', '臺北市萬華區武昌街二段85號', '縣市政府', '25.04532200', '121.5046990', '優等級', '女廁所'),
(574, 'P', '700002', 'IN89豪華數位影城數位', '臺北市萬華區武昌街二段89號', '縣市政府', '25.04550000', '121.5040680', '特優級', '親子廁所'),
(575, 'P', '700002', 'IN89豪華數位影城豪華廳', '臺北市萬華區武昌街二段89號', '縣市政府', '25.04550000', '121.5040680', '特優級', '男廁所'),
(576, 'P', '700002', 'IN89豪華數位影城VIP廳', '臺北市萬華區武昌街二段89號', '縣市政府', '25.04550000', '121.5040680', '特優級', '女廁所'),
(577, 'V', '700002', '電影主題公園1F', '臺北市萬華區康定路19號', '縣市政府', '25.04472200', '121.5031370', '特優級', '女廁所'),
(578, 'P', '700002', '喜滿客絕色影城8F', '臺北市萬華區漢中街52號', '縣市政府', '25.04362900', '121.5070940', '特優級', '男廁所'),
(579, 'P', '700002', '喜滿客絕色影城9F', '臺北市萬華區漢中街52號', '縣市政府', '25.04362900', '121.5070940', '特優級', '女廁所'),
(580, 'P', '700002', '喜滿客絕色影城11F', '臺北市萬華區漢中街52號', '縣市政府', '25.04362900', '121.5070940', '特優級', '男廁所'),
(581, 'S', '700003', '臺大醫院北護分院4F', '臺北市萬華區內江街87號', '縣市政府', '25.04189700', '121.5026170', '優等級', '混合廁所'),
(582, 'E', '700003', '公有西門商場', '臺北市萬華區成都路10巷5號', '縣市政府', '25.04200000', '121.5071000', '優等級', '男廁所'),
(583, 'X', '700003', '天后宮', '臺北市萬華區成都路51號', '縣市政府', '25.04275100', '121.5060930', '特優級', '女廁所'),
(584, 'R', '700003', '萬年大樓3F', '臺北市萬華區西寧南路70號', '縣市政府', '25.04356800', '121.5060860', '優等級', '男廁所'),
(585, 'R', '700003', '萬年大樓2F', '臺北市萬華區西寧南路70號', '縣市政府', '25.04356800', '121.5060860', '特優級', '女廁所'),
(586, 'P', '700003', '今日秀泰影城4F', '臺北市萬華區峨眉街52號4-8樓', '縣市政府', '25.04379800', '121.5054120', '特優級', '男廁所'),
(587, 'R', '700003', '誠品生活西門店B1', '臺北市萬華區峨嵋街52號', '縣市政府', '25.04379800', '121.5054120', '優等級', '混合廁所'),
(588, 'P', '700003', '真善美大戲院真', '臺北市萬華區漢中街116號7樓', '縣市政府', '25.04280700', '121.5074810', '特優級', '女廁所'),
(589, 'T', '700005', '臺北市萬華新移民會館1樓', '臺北市萬華區長沙街二段171號', '縣市政府', '25.04069800', '121.5017400', '特優級', '女廁所'),
(590, 'T', '700005', '臺北市萬華新移民會館4樓', '臺北市萬華區長沙街二段171號', '縣市政府', '25.04069800', '121.5017400', '特優級', '男廁所'),
(591, 'O', '700006', '吉野家西園店', '臺北市萬華區西園路一段214號之2', '縣市政府', '25.03576100', '121.4992190', '特優級', '混合廁所'),
(592, 'S', '700006', '台北仁濟院附設醫院1F', '臺北市萬華區廣州街243號', '縣市政府', '25.03666000', '121.4978950', '特優級', '混合廁所'),
(593, 'R', '700007', '龍山寺地下街和平西路B1', '臺北市萬華區西園路一段145號', '縣市政府', '25.03608500', '121.4995440', '優等級', '男廁所'),
(594, 'M', '700009', '家樂福桂林店1F', '臺北市萬華區桂林路1號1-4樓', '縣市政府', '25.03759100', '121.5064240', '特優級', '男廁所'),
(595, 'M', '700009', '家樂福桂林店3F', '臺北市萬華區桂林路1號1-4樓', '縣市政府', '25.03759100', '121.5064240', '特優級', '女廁所'),
(596, 'M', '700009', '家樂福桂林店5F', '臺北市萬華區桂林路1號1-4樓', '縣市政府', '25.03759100', '121.5064240', '特優級', '男廁所'),
(597, 'T', '700009', '國稅局萬華稽徵所7F', '臺北市萬華區桂林路52號', '財政部', '25.03780600', '121.5044140', '特優級', '女廁所'),
(598, 'T', '700009', '國稅局萬華稽徵所4F', '臺北市萬華區桂林路52號', '財政部', '25.03780600', '121.5044140', '特優級', '男廁所'),
(599, 'E', '700010', '公有龍山商場2F', '臺北市萬華區和平西路三段120號萬華行政中心地下室', '縣市政府', '25.03491300', '121.4998210', '優等級', '男廁所'),
(600, 'T', '700010', '勞動檢查處7F', '臺北市萬華區艋舺大道101號7樓', '縣市政府', '25.03348300', '121.5013640', '特優級', '男廁所'),
(601, 'L', '700011', '雙園超市', '臺北市萬華區興寧街2號1樓', '縣市政府', '25.03220000', '121.5020000', '優等級', '男廁所'),
(602, 'E', '700017', '公有環南綜合市場甲區RF', '臺北市萬華區環河南路二段245號', '縣市政府', '25.02998100', '121.4901230', '優等級', '男廁所'),
(603, 'E', '700017', '公有環南綜合市場甲區4F', '臺北市萬華區環河南路二段245號', '縣市政府', '25.02939200', '121.4908310', '優等級', '無障礙廁所'),
(604, 'E', '700017', '公有環南綜合市場甲區3F', '臺北市萬華區環河南路二段245號', '縣市政府', '25.02906700', '121.4911170', '優等級', '無障礙廁所'),
(605, 'T', '700018', '華江派出所', '臺北市萬華區環河南路二段196號', '縣市政府', '25.03428700', '121.4931730', '特優級', '混合廁所'),
(606, 'U', '700019', '臺北市立圖書館柳鄉民眾閱覽室', '臺北市萬華區環河南路二段102號4樓', '縣市政府', '25.03701200', '121.4953460', '特優級', '無障礙廁所'),
(607, 'A', '700020', '萬華國中地下停車場女', '臺北市萬華區西藏路207號B1', '縣市政府', '25.02908000', '121.4989090', '特優級', '無障礙廁所'),
(608, 'A', '700020', '萬華國中地下停車場', '臺北市萬華區西藏路207號B1', '縣市政府', '25.02908000', '121.4989090', '特優級', '男廁所'),
(609, 'U', '700020', '臺北市立圖書館萬華分館5F', '臺北市萬華區東園街19號5樓', '縣市政府', '25.02790500', '121.4956540', '特優級', '女廁所'),
(610, 'Y', '700020', '萬華9號', '臺北市萬華區東園街85巷4弄3號之1旁', '縣市政府', '25.02582000', '121.4968420', '優等級', '混合廁所'),
(611, 'C', '700021', '山隆萬大加油站', '臺北市萬華區萬大路207號', '縣市政府', '25.02729300', '121.5006410', '優等級', '混合廁所'),
(612, 'O', '700024', '麥當勞台北西園二店3F', '臺北市萬華區西園路2段240號', '縣市政府', '25.02822200', '121.4950230', '優等級', '男廁所'),
(613, 'S', '700024', '西園醫院1F', '臺北市萬華區西園路二段278號', '縣市政府', '25.02775000', '121.4944790', '特優級', '無障礙廁所'),
(614, 'U', '700026', '臺北市立圖書館東園分館3F', '臺北市萬華區東園街199號', '縣市政府', '25.02266100', '121.4981380', '特優級', '男廁所'),
(615, 'S', '700036', '萬華醫院B1', '臺北市萬華區中華路二段606巷6號', '縣市政府', '25.02397200', '121.5097910', '特優級', '女廁所'),
(616, 'D', '700036', '青年公園1號', '臺北市萬華區水源路199號', '縣市政府', '25.02092800', '121.5045760', '優等級', '親子廁所'),
(617, 'V', '700036', '青年公園游泳池', '臺北市萬華區水源路199號', '縣市政府', '25.02342400', '121.5035670', '特優級', '無障礙廁所'),
(618, 'E', '800001', '公有景美市場', '臺北市文山區景文街137號2樓', '縣市政府', '24.98989923', '121.5412492', '優等級', '混合廁所'),
(619, 'A', '800001', '景美國小地下停車場B1', '臺北市文山區景文街142巷2號', '縣市政府', '24.98847400', '121.5403430', '優等級', '女廁所'),
(620, 'U', '800001', '臺北市立社會教育館文山分館10F', '臺北市文山區景文街32號', '縣市政府', '24.99207200', '121.5411990', '特優級', '男廁所'),
(621, 'U', '800001', '臺北市立社會教育館文山分館11F', '臺北市文山區景文街32號', '縣市政府', '24.99207200', '121.5411990', '特優級', '女廁所'),
(622, 'U', '800001', '臺北市立圖書館景新分館6F', '臺北市文山區景後街151號7樓', '縣市政府', '24.99015200', '121.5420320', '特優級', '男廁所'),
(623, 'T', '800001', '志清國民小學菊3', '臺北市文山區景福街21巷5號', '縣市政府', '24.99869100', '121.5388440', '優等級', '女廁所'),
(624, 'R', '800001', '瀚星百貨B1', '臺北市文山區景興路188號', '縣市政府', '24.99230000', '121.5438000', '特優級', '男廁所'),
(625, 'R', '800001', '瀚星百貨2F內', '臺北市文山區景興路188號', '縣市政府', '24.99230000', '121.5438000', '特優級', '女廁所'),
(626, 'R', '800001', '瀚星百貨3F內', '臺北市文山區景興路188號', '縣市政府', '24.99230000', '121.5438000', '特優級', '男廁所'),
(627, 'R', '800001', '瀚星百貨4F內', '臺北市文山區景興路188號', '縣市政府', '24.99230000', '121.5438000', '特優級', '女廁所'),
(628, 'P', '800001', '佳佳戲院右', '臺北市文山區羅斯福路6段403號4樓', '縣市政府', '24.99182100', '121.5406340', '優等級', '男廁所'),
(629, 'P', '800001', '來來戲院紅', '臺北市文山區羅斯福路6段403號6樓', '縣市政府', '24.99182100', '121.5406340', '優等級', '女廁所'),
(630, 'Y', '800001', '景美就業服務站', '臺北市文山區羅斯福路六段393號2樓', '縣市政府', '24.99214600', '121.5405960', '特優級', '混合廁所'),
(631, 'Y', '800001', '臺北市就業服務處景美個案管理資源站3F', '臺北市文山區羅斯福路六段393號3樓', '縣市政府', '24.99214600', '121.5405960', '特優級', '女廁所'),
(632, 'T', '800005', '志清國民小學蘭4', '臺北市文山區景福街21巷5號', '縣市政府', '24.99856200', '121.5388290', '優等級', '女廁所'),
(633, 'C', '800005', '全國景美加油站', '臺北市文山區羅斯福路六段140號', '縣市政府', '24.99627200', '121.5408640', '特優級', '男廁所'),
(634, 'A', '800006', '景華公園地下停車場', '臺北市文山區景華街55號地下', '縣市政府', '24.99523200', '121.5437210', '優等級', '無障礙廁所'),
(635, 'P', '800010', '百老匯數位影城4樓', '臺北市文山區羅斯福路四段200號4樓', '縣市政府', '25.01091200', '121.5366550', '特優級', '無障礙廁所'),
(636, 'E', '800012', '臺北花木批發市場2F', '臺北市文山區興隆路一段15號', '縣市政府', '25.00441600', '121.5396040', '優等級', '男廁所'),
(637, 'D', '800013', '景美運動公園', '臺北市文山區景豐街底', '縣市政府', '25.00090700', '121.5457610', '優等級', '女廁所'),
(638, 'T', '800013', '興德國民小學八德3樓', '臺北市文山區興隆路2段235號', '縣市政府', '25.00167400', '121.5508680', '特優級', '女廁所'),
(639, 'E', '800013', '公有興隆市場1樓', '臺北市文山區興隆路二段97號', '縣市政府', '24.99976100', '121.5474610', '優等級', '男廁所'),
(640, 'S', '800014', '萬芳醫院1F急診', '臺北市文山區興隆路三段111號', '縣市政府', '24.99996300', '121.5583870', '特優級', '女廁所'),
(641, 'S', '800014', '萬芳醫院B1美食街', '臺北市文山區興隆路三段111號', '縣市政府', '24.99996300', '121.5583870', '特優級', '男廁所'),
(642, 'S', '800014', '萬芳醫院1F復建科', '臺北市文山區興隆路三段111號', '縣市政府', '24.99996300', '121.5583870', '特優級', '男廁所'),
(643, 'S', '800014', '萬芳醫院2F牙科', '臺北市文山區興隆路三段111號', '縣市政府', '24.99996300', '121.5583870', '特優級', '女廁所'),
(644, 'W', '800016', '文山運動中心3F', '臺北市文山區興隆路三段222號', '縣市政府', '24.99701700', '121.5596730', '特優級', '女廁所'),
(645, 'A', '800017', '興隆公園地下停車場', '臺北市文山區仙岩路128號', '縣市政府', '25.00059400', '121.5511520', '優等級', '女廁所'),
(646, 'A', '800017', '興隆公園地下停車場', '臺北市文山區仙岩路128號', '縣市政府', '25.00059400', '121.5511520', '優等級', '親子廁所'),
(647, 'C', '800017', '福華加油站', '臺北市文山區興隆路二段244巷1號1樓', '縣市政府', '25.00090100', '121.5539710', '優等級', '無障礙廁所'),
(648, 'A', '800022', '辛亥國小地下停車', '臺北市文山區辛亥路四段103號', '縣市政府', '25.00628600', '121.5585490', '優等級', '女廁所'),
(649, 'T', '800022', '臺北市政府公務人員訓練處C區行政樓1F', '臺北市文山區萬美街二段21巷20號', '縣市政府', '25.00457700', '121.5610400', '特優級', '無障礙廁所'),
(650, 'T', '800022', '臺北市政府公務人員訓練處E區綜合教學樓1F', '臺北市文山區萬美街二段21巷20號', '縣市政府', '25.00457700', '121.5610400', '特優級', '無障礙廁所'),
(651, 'T', '800023', '世新大學通識大樓(023)1樓', '臺北市文山區木柵路一段17巷1號', '其他', '24.98863500', '121.5439950', '特優級', '女廁所'),
(652, 'T', '800023', '世新大學管理學院4樓', '臺北市文山區木柵路一段17巷1號', '其他', '24.98863500', '121.5439950', '特優級', '無障礙廁所'),
(653, 'T', '800023', '世新大學圖書館2樓', '臺北市文山區木柵路一段17巷1號', '其他', '24.98863500', '121.5439950', '特優級', '女廁所'),
(654, 'T', '800023', '世新大學圖書館4樓', '臺北市文山區木柵路一段17巷1號', '其他', '24.98863500', '121.5439950', '特優級', '女廁所'),
(655, 'T', '800023', '世新大學通識大樓(025)3樓', '臺北市文山區木柵路一段17巷1號', '其他', '24.98863500', '121.5439950', '特優級', '男廁所'),
(656, 'T', '800023', '世新大學舍我樓R(016)2樓', '臺北市文山區木柵路一段17巷1號', '其他', '24.98863500', '121.5439950', '特優級', '男廁所'),
(657, 'T', '800023', '世新大學舍我樓R(017)3樓', '臺北市文山區木柵路一段17巷1號', '其他', '24.98863500', '121.5439950', '特優級', '女廁所'),
(658, 'T', '800023', '世新大學舍我樓R(019)5樓', '臺北市文山區木柵路一段17巷1號', '其他', '24.98863500', '121.5439950', '特優級', '女廁所'),
(659, 'T', '800024', '私立中山國民小學教4F', '臺北市文山區木柵路一段292號', '縣市政府', '24.98829900', '121.5564900', '特優級', '男廁所'),
(660, 'T', '800024', '私立中山國民小學行政幼1F', '臺北市文山區木柵路一段292號', '縣市政府', '24.98829900', '121.5564900', '優等級', '無障礙廁所'),
(661, 'T', '800024', '私立中山國民小學教1', '臺北市文山區木柵路一段292號', '縣市政府', '24.98829900', '121.5564900', '優等級', '女廁所'),
(662, 'T', '800024', '私立中山國民小學教2F', '臺北市文山區木柵路一段292號', '縣市政府', '24.98829900', '121.5564900', '優等級', '男廁所'),
(663, 'V', '800025', '木柵公園游泳池', '臺北市文山區興隆路四段50號', '縣市政府', '24.98690200', '121.5605050', '特優級', '女廁所'),
(664, 'C', '800027', '台灣中油木柵加油站', '臺北市文山區木柵里木柵路三段2號', '經濟部', '24.98835400', '121.5642300', '特優級', '女廁所'),
(665, 'T', '800027', '木柵國民小學11號(3F)', '臺北市文山區木柵路三段191號', '縣市政府', '24.99019000', '121.5699660', '優等級', '男廁所'),
(666, 'T', '800027', '木柵國民小學13號(2F)', '臺北市文山區木柵路三段191號', '縣市政府', '24.99019000', '121.5699660', '優等級', '女廁所'),
(667, 'T', '800027', '木柵國民小學16號(2F)', '臺北市文山區木柵路三段191號', '縣市政府', '24.99019000', '121.5699660', '優等級', '男廁所'),
(668, 'T', '800027', '木柵國民小學17號(3F)', '臺北市文山區木柵路三段191號', '縣市政府', '24.99019000', '121.5699660', '優等級', '女廁所'),
(669, 'O', '800027', '麥當勞台北木柵店', '臺北市文山區木柵路三段57號', '縣市政府', '24.98855200', '121.5663170', '特優級', '混合廁所'),
(670, 'T', '800028', '文山區戶政事務所所本部2F入口服務台後方', '臺北市文山區木柵路三段220號', '縣市政府', '24.98956600', '121.5698740', '特優級', '無障礙廁所'),
(671, 'T', '800028', '文山區戶政事務所所本部2F樓梯旁', '臺北市文山區木柵路三段220號', '縣市政府', '24.98956600', '121.5698740', '特優級', '女廁所'),
(672, 'T', '800028', '文山區健康服務中心1F1-1', '臺北市文山區木柵路三段220號1樓跟3樓', '縣市政府', '24.98956600', '121.5698740', '特優級', '男廁所'),
(673, 'T', '800028', '文山區健康服務中心1F', '臺北市文山區木柵路三段220號1樓跟3樓', '縣市政府', '24.98956600', '121.5698740', '特優級', '女廁所'),
(674, 'T', '800028', '國稅局文山稽徵所5F', '臺北市文山區木柵路三段220號6樓', '財政部', '24.98956600', '121.5698740', '特優級', '男廁所'),
(675, 'T', '800028', '國稅局文山稽徵所6F樓梯旁', '臺北市文山區木柵路三段220號6樓', '財政部', '24.98956600', '121.5698740', '特優級', '女廁所'),
(676, 'T', '800028', '文山區公所10F大廳', '臺北市文山區木柵路三段220號9樓', '縣市政府', '24.98956600', '121.5698740', '特優級', '男廁所'),
(677, 'E', '800028', '公有木柵市場1樓', '臺北市文山區保儀路13巷3號', '縣市政府', '24.98852100', '121.5692840', '優等級', '女廁所'),
(678, 'V', '800029', '永安藝文館2F', '臺北市文山區木新路二段156號-1', '縣市政府', '24.98492600', '121.5675140', '特優級', '無障礙廁所'),
(679, 'V', '800029', '永安藝文館B1', '臺北市文山區木新路二段156號-1', '縣市政府', '24.98492600', '121.5675140', '特優級', '男廁所'),
(680, 'W', '800029', '忠順區民活動中心2F', '臺北市文山區忠順街二段22號2樓', '縣市政府', '24.98467500', '121.5631090', '特優級', '女廁所'),
(681, 'V', '800034', '博嘉運動公園B1', '臺北市文山區木柵路4段159巷16號', '縣市政府', '25.00102000', '121.5755920', '特優級', '女廁所'),
(682, 'V', '800034', '博嘉運動公園1F', '臺北市文山區木柵路4段159巷16號', '縣市政府', '25.00102000', '121.5755920', '特優級', '女廁所'),
(683, 'V', '800034', '博嘉運動公園2F', '臺北市文山區木柵路4段159巷16號', '縣市政府', '25.00102000', '121.5755920', '特優級', '女廁所'),
(684, 'V', '800034', '博嘉運動公園3F', '臺北市文山區木柵路4段159巷16號', '縣市政府', '25.00102000', '121.5755920', '特優級', '男廁所'),
(685, 'X', '800034', '台北市富德靈骨樓', '臺北市文山區木柵路5段43巷190號', '縣市政府', '25.00775500', '121.5838070', '特優級', '無障礙廁所'),
(686, 'G', '800034', '捷運木柵站', '臺北市文山區木柵路四段135號', '縣市政府', '24.99820700', '121.5732150', '特優級', '無障礙廁所'),
(687, 'T', '800035', '萬興國民小學活動中心1樓泳池', '臺北市文山區秀明路二段114號', '縣市政府', '24.98989000', '121.5767160', '優等級', '女廁所'),
(688, 'T', '800035', '萬興國民小學活動中心4樓', '臺北市文山區秀明路二段114號', '縣市政府', '24.98989000', '121.5767160', '優等級', '男廁所'),
(689, 'T', '800035', '政治大學百年樓3F', '臺北市文山區指南路二段64號', '其他', '24.98668000', '121.5765360', '特優級', '男廁所'),
(690, 'T', '800035', '政治大學百年樓4F', '臺北市文山區指南路二段64號', '其他', '24.98668000', '121.5765360', '特優級', '女廁所'),
(691, 'T', '800035', '政治大學百年樓1F', '臺北市文山區指南路二段64號', '其他', '24.98668000', '121.5765360', '特優級', '男廁所'),
(692, 'T', '800035', '政治大學資訊樓2F(140408)教室', '臺北市文山區指南路二段64號', '其他', '24.98775000', '121.5748330', '特優級', '女廁所'),
(693, 'O', '800035', '麥當勞台北指南店', '臺北市文山區指南路二段67號', '縣市政府', '24.98828800', '121.5749340', '優等級', '混合廁所'),
(694, 'O', '800035', '摩斯漢堡政大指南店', '臺北市文山區指南路二段71號', '縣市政府', '24.98808100', '121.5749110', '優等級', '混合廁所'),
(695, 'V', '800035', '臺北市立動物園熱帶雨林館2樓', '臺北市文山區新光路二段30號', '縣市政府', '24.99873900', '121.5812290', '特優級', '親子廁所'),
(696, 'V', '800035', '臺北市立動物園14號雨林區', '臺北市文山區新光路二段30號', '縣市政府', '24.99595700', '121.5891930', '特優級', '女廁所'),
(697, 'V', '800035', '臺北市立動物園15號河馬廣場', '臺北市文山區新光路二段30號', '縣市政府', '24.99595700', '121.5891930', '特優級', '男廁所'),
(698, 'V', '800035', '臺北市立動物園19號圓型廁所', '臺北市文山區新光路二段30號', '縣市政府', '24.99595700', '121.5891930', '特優級', '女廁所'),
(699, 'V', '800035', '臺北市立動物園23-2號新光展覽館2F', '臺北市文山區新光路二段30號', '縣市政府', '24.99595700', '121.5891930', '特優級', '男廁所'),
(700, 'V', '800035', '臺北市立動物園25號沙漠區', '臺北市文山區新光路二段30號', '縣市政府', '24.99595700', '121.5891930', '特優級', '無障礙廁所'),
(701, 'V', '800035', '臺北市立動物園4號台灣區女', '臺北市文山區新光路二段30號', '縣市政府', '24.99851700', '121.5819690', '特優級', '無障礙廁所'),
(702, 'V', '800035', '臺北市立動物園23-2號新光展覽館2F', '臺北市文山區新光路二段30號', '縣市政府', '24.99595300', '121.5761450', '特優級', '親子廁所'),
(703, 'V', '800035', '臺北市立動物園18號非洲區', '臺北市文山區新光路二段30號', '縣市政府', '24.99595300', '121.5761450', '特優級', '男廁所'),
(704, 'T', '800036', '國立政大附設國民小學活動B1', '臺北市文山區指南路三段12號', '縣市政府', '24.98097300', '121.5752870', '特優級', '混合廁所'),
(705, 'T', '800036', '國立政大附設國民小學明德1樓', '臺北市文山區指南路三段12號', '縣市政府', '24.98097300', '121.5752870', '優等級', '混合廁所'),
(706, 'T', '800036', '國立政大附設國民小學活動2樓', '臺北市文山區指南路三段12號', '縣市政府', '24.98097300', '121.5752870', '優等級', '混合廁所'),
(707, 'T', '800036', '國立政大附設國民小學明德3樓', '臺北市文山區指南路三段12號', '縣市政府', '24.98097300', '121.5752870', '優等級', '混合廁所'),
(708, 'T', '800036', '北政國民中學西3樓', '臺北市文山區指南路三段2巷14號', '縣市政府', '24.98488100', '121.5782810', '特優級', '女廁所'),
(709, 'X', '800036', '天恩宮', '臺北市文山區指南路三段38巷37之2號', '縣市政府', '24.96896900', '121.5906710', '優等級', '女廁所'),
(710, 'T', '800036', '指南國民小學3樓', '臺北市文山區指南路三段38巷5之2號', '縣市政府', '24.97645200', '121.5836760', '特優級', '女廁所'),
(711, 'X', '800036', '指南宮', '臺北市文山區萬壽路115號', '縣市政府', '24.97978800', '121.5866980', '特優級', '男廁所'),
(712, 'X', '800036', '指南宮後殿', '臺北市文山區萬壽路115號', '縣市政府', '24.97978800', '121.5866980', '特優級', '女廁所'),
(713, 'U', '800038', '臺北市政府社會局老人自費安養中心長春1樓', '臺北市文山區興隆路四段109巷30弄6號', '縣市政府', '24.98628500', '121.5624770', '特優級', '女廁所'),
(714, 'O', '800038', '石二鍋臺北興隆店', '臺北市文山區興隆路四段149號', '其他', '24.98480400', '121.5616460', '特優級', '混合廁所'),
(715, 'U', '900001', '臺北市立圖書館南港分館1F', '臺北市南港區南港里南港路1段350號', '縣市政府', '25.05484609', '121.6082521', '特優級', '親子廁所'),
(716, 'F', '900001', '南港火車站(付費區)', '臺北市南港區南港路1段313號', '交通部', '25.05357500', '121.6073340', '特優級', '女廁所'),
(717, 'H', '900001', '台灣高鐵南港站男旁', '臺北市南港區南港路一段313號', '其他', '25.05318900', '121.6070640', '特優級', '無障礙廁所'),
(718, 'T', '900004', '南港軟體園區一期B', '臺北市南港區三重路19之10號', '其他', '25.05812400', '121.6135500', '特優級', '男廁所'),
(719, 'T', '900004', '南港軟體園區一期B', '臺北市南港區三重路19之10號', '其他', '25.05812400', '121.6135500', '特優級', '女廁所'),
(720, 'T', '900004', '南港軟體園區一期C', '臺北市南港區三重路19之10號', '其他', '25.05812400', '121.6135500', '特優級', '男廁所'),
(721, 'T', '900004', '南港軟體園區一期Ｅ', '臺北市南港區三重路19之10號', '其他', '25.05812400', '121.6135500', '特優級', '男廁所'),
(722, 'T', '900004', '南港軟體園區三期經貿2F', '臺北市南港區三重路66號', '其他', '25.05711300', '121.6143020', '特優級', '女廁所'),
(723, 'T', '900004', '南港軟體園區三期南軟2F', '臺北市南港區三重路66號', '其他', '25.05711300', '121.6143020', '特優級', '男廁所'),
(724, 'G', '900004', '捷運南港展覽館站板南線站外', '臺北市南港區南港路一段32號', '縣市政府', '25.05525800', '121.6173500', '特優級', '女廁所'),
(725, 'G', '900004', '捷運南港展覽館站文湖線中運量', '臺北市南港區南港路一段32號', '縣市政府', '25.05525800', '121.6173500', '特優級', '無障礙廁所'),
(726, 'G', '900004', '捷運南港展覽館站文湖線1F', '臺北市南港區南港路一段32號', '縣市政府', '25.05525800', '121.6173500', '特優級', '無障礙廁所'),
(727, 'T', '900004', '南港軟體園區二期G', '臺北市南港區園區街3-1號', '其他', '25.05812400', '121.6135500', '特優級', '男廁所'),
(728, 'V', '900004', '南港展覽館0131', '臺北市南港區經貿二路1號', '其他', '25.05704700', '121.6164210', '特優級', '無障礙廁所'),
(729, 'V', '900004', '南港展覽館0177', '臺北市南港區經貿二路1號', '其他', '25.05704700', '121.6164210', '特優級', '無障礙廁所'),
(730, 'V', '900004', '南港展覽館0186', '臺北市南港區經貿二路1號', '其他', '25.05704700', '121.6164210', '特優級', '無障礙廁所'),
(731, 'V', '900004', '南港展覽館1101', '臺北市南港區經貿二路1號', '其他', '25.05704700', '121.6164210', '特優級', '無障礙廁所'),
(732, 'V', '900004', '南港展覽館4103', '臺北市南港區經貿二路1號', '其他', '25.05704700', '121.6164210', '特優級', '無障礙廁所'),
(733, 'V', '900004', '南港展覽館0480', '臺北市南港區經貿二路1號', '其他', '25.05704700', '121.6164210', '特優級', '女廁所'),
(734, 'V', '900004', '南港展覽館0424', '臺北市南港區經貿二路1號', '其他', '25.05704700', '121.6164210', '特優級', '女廁所'),
(735, 'V', '900004', '南港展覽館2館1F東南區142', '臺北市南港區經貿二路2號', '經濟部', '25.05631100', '121.6163440', '優等級', '男廁所'),
(736, 'V', '900004', '南港展覽館2館1F東北區131', '臺北市南港區經貿二路2號', '經濟部', '25.05631100', '121.6163440', '特優級', '男廁所'),
(737, 'V', '900004', '南港展覽館2館B1東北區B151', '臺北市南港區經貿二路2號', '經濟部', '25.05631100', '121.6163440', '特優級', '女廁所'),
(738, 'V', '900004', '南港展覽館2館B2東北區B231', '臺北市南港區經貿二路2號', '經濟部', '25.05631100', '121.6163440', '特優級', '男廁所'),
(739, 'V', '900004', '南港展覽館2館B3東南區B333', '臺北市南港區經貿二路2號', '經濟部', '25.05631100', '121.6163440', '特優級', '女廁所'),
(740, 'R', '900006', 'City Link 南港店B1棟1F', '臺北市南港區忠孝東路7段359號', '縣市政府', '25.05251200', '121.6060560', '特優級', '女廁所'),
(741, 'R', '900006', 'City Link 南港店B1棟3F', '臺北市南港區忠孝東路7段359號', '縣市政府', '25.05251200', '121.6060560', '特優級', '男廁所'),
(742, 'R', '900006', 'City Link 南港店C棟3F', '臺北市南港區忠孝東路7段359號', '縣市政府', '25.05251200', '121.6060560', '特優級', '男廁所'),
(743, 'R', '900006', 'City Link 南港店C棟4F', '臺北市南港區忠孝東路7段359號', '縣市政府', '25.05251200', '121.6060560', '特優級', '女廁所'),
(744, 'R', '900006', 'City Link 南港店C棟6F', '臺北市南港區忠孝東路7段359號', '縣市政府', '25.05251200', '121.6060560', '特優級', '男廁所'),
(745, 'O', '900006', '摩斯漢堡昆陽店', '臺北市南港區忠孝東路六段444號1樓', '縣市政府', '25.05019600', '121.5938910', '特優級', '混合廁所'),
(746, 'O', '900008', '三商巧福南港店', '臺北市南港區南港路三段7號', '縣市政府', '25.05398800', '121.5920930', '特優級', '混合廁所'),
(747, 'W', '900010', '南港運動中心6F', '臺北市南港區玉成街69號', '縣市政府', '25.04901000', '121.5816910', '特優級', '女廁所'),
(748, 'E', '900011', '公有成德市場', '臺北市南港區同德路100號', '縣市政府', '25.04612600', '121.5867850', '優等級', '男廁所'),
(749, 'L', '900011', '統一超商臺北市聯坊門市', '臺北市南港區東新街118巷1號', '縣市政府', '25.04646600', '121.5883230', '優等級', '混合廁所'),
(750, 'V', '900013', '玉成公園游泳池', '臺北市南港區中坡南路55號', '縣市政府', '25.04287700', '121.5844650', '特優級', '男廁所'),
(751, 'V', '900016', '山豬窟游泳池1F', '臺北市南港區舊莊街一段290巷32號', '縣市政府', '25.03165500', '121.6246190', '優等級', '男廁所'),
(752, 'D', '900016', '舊莊公園', '臺北市南港區舊莊路一段91巷', '縣市政府', '25.04154900', '121.6199200', '優等級', '混合廁所'),
(753, 'T', '900018', '九如區民活動中心', '南港區研究院路三段68巷9號2樓', '縣市政府', '25.03530000', '121.6143040', '特優級', '女廁所'),
(754, 'O', '1000001', '吉野家內湖西湖店1F', '臺北市內湖區內湖路一段281號', '縣市政府', '25.08245100', '121.5658880', '優等級', '混合廁所'),
(755, 'T', '1000001', '西湖派出所', '臺北市內湖區瑞光路515號', '縣市政府', '25.07918500', '121.5691350', '特優級', '混合廁所'),
(756, 'A', '1000002', '西康地下停車場', '臺北市內湖區內湖路一段203巷25號B1', '縣市政府', '25.08476800', '121.5636980', '特優級', '男廁所'),
(757, 'O', '1000002', '肯德基台北內湖餐廳', '臺北市內湖區內湖路一段230號', '縣市政府', '25.08243100', '121.5650080', '特優級', '女廁所'),
(758, 'C', '1000002', '台灣中油西湖加油站', '臺北市內湖區西康里內湖路一段59號', '經濟部', '25.08506400', '121.5599670', '特優級', '男廁所'),
(759, 'M', '1000005', '家樂福便利購超市內湖江南分公司', '臺北市內湖區江南街55號', '縣市政府', '25.07757200', '121.5779390', '優等級', '混合廁所'),
(760, 'W', '1000005', '內湖運動中心5樓', '臺北市內湖區洲子街12號', '縣市政府', '25.07823300', '121.5751540', '特優級', '親子廁所'),
(761, 'W', '1000005', '內湖運動中心10樓', '臺北市內湖區洲子街12號', '縣市政府', '25.07823300', '121.5751540', '特優級', '親子廁所'),
(762, 'W', '1000005', '內湖運動中心10F', '臺北市內湖區洲子街12號', '縣市政府', '25.07823300', '121.5751540', '特優級', '男廁所'),
(763, 'W', '1000005', '內湖運動中心7F', '臺北市內湖區洲子街12號', '縣市政府', '25.07823300', '121.5751540', '特優級', '女廁所'),
(764, 'A', '1000005', '洲子立體停車場4F', '臺北市內湖區瑞光路513巷22弄2號', '縣市政府', '25.07945800', '121.5695480', '特優級', '女廁所'),
(765, 'O', '1000006', '摩斯漢堡內湖港墘店', '臺北市內湖區內湖路一段637號', '縣市政府', '25.08041000', '121.5747500', '特優級', '混合廁所'),
(766, 'G', '1000006', '捷運港墘站', '臺北市內湖區內湖路一段663號', '縣市政府', '25.08007300', '121.5754810', '特優級', '女廁所'),
(767, 'A', '1000007', '港富立體停車場', '臺北市內湖區內湖路737巷50弄32號', '縣市政府', '25.08053200', '121.5778990', '特優級', '女廁所'),
(768, 'O', '1000007', '麥當勞台北內湖一店', '臺北市內湖區內湖路一段741號', '縣市政府', '25.07897200', '121.5783980', '特優級', '女廁所'),
(769, 'S', '1000009', '中國醫藥大學附設醫院臺北分院1樓', '臺北市內湖區內湖路二段360號', '縣市政府', '25.08215700', '121.5906420', '優等級', '無障礙廁所'),
(770, 'S', '1000009', '中國醫藥大學附設醫院臺北分院2樓', '臺北市內湖區內湖路二段360號', '縣市政府', '25.08215700', '121.5906420', '優等級', '親子廁所'),
(771, 'S', '1000009', '中國醫藥大學附設醫院臺北分院9樓', '臺北市內湖區內湖路二段360號', '縣市政府', '25.08215700', '121.5906420', '優等級', '無障礙廁所'),
(772, 'O', '1000013', '摩斯漢堡內湖店', '臺北市內湖區成功路四段202號', '縣市政府', '25.08437500', '121.5954570', '特優級', '混合廁所'),
(773, 'G', '1000018', '捷運葫洲站出口1', '臺北市內湖區康寧路三段16號', '縣市政府', '25.07248300', '121.6073890', '特優級', '女廁所'),
(774, 'G', '1000018', '捷運葫洲站出口2', '臺北市內湖區康寧路三段16號', '縣市政府', '25.07248300', '121.6073890', '特優級', '親子廁所'),
(775, 'A', '1000022', '內湖安康公園平面停車場', '臺北市內湖區內湖五分街12號', '縣市政府', '25.06781600', '121.6132450', '優等級', '混合廁所'),
(776, 'C', '1000028', '統一精工內湖一站加油站', '臺北市內湖區新明路92號', '縣市政府', '25.05983300', '121.5895790', '優等級', '混合廁所'),
(777, 'T', '1000029', '內湖分局', '臺北市內湖區民權東路六段101號', '縣市政府', '25.06920700', '121.5897230', '特優級', '男廁所'),
(778, 'U', '1000029', '防災科學教育館4F', '臺北市內湖區成功路二段376號', '縣市政府', '25.06950000', '121.5904000', '特優級', '男廁所'),
(779, 'M', '1000030', '家樂福內湖店美食2F', '臺北市內湖區民善街88號', '縣市政府', '25.06286500', '121.5749280', '優等級', '無障礙廁所'),
(780, 'M', '1000030', '家樂福內湖店B2', '臺北市內湖區民善街88號', '縣市政府', '25.06286500', '121.5749280', '優等級', '男廁所'),
(781, 'M', '1000030', '家樂福內湖店B1', '臺北市內湖區民善街88號', '縣市政府', '25.06286500', '121.5749280', '優等級', '女廁所'),
(782, 'M', '1000030', '家樂福內湖店3F', '臺北市內湖區民善街88號', '縣市政府', '25.06286500', '121.5749280', '優等級', '女廁所'),
(783, 'M', '1000030', '家樂福內湖店5F', '臺北市內湖區民善街88號', '縣市政府', '25.06286500', '121.5749280', '特優級', '男廁所'),
(784, 'C', '1000030', '全國民權加油站', '臺北市內湖區民權東路六段20號', '縣市政府', '25.06663000', '121.5783760', '優等級', '混合廁所'),
(785, 'M', '1000030', '特力屋內湖購物中心', '臺北市內湖區新湖三路23號', '縣市政府', '25.05789300', '121.5738860', '優等級', '女廁所'),
(786, 'M', '1000030', 'CASA精品百貨內湖店2F西', '臺北市內湖區新湖三路23號2樓', '縣市政府', '25.06203000', '121.5741690', '特優級', '無障礙廁所'),
(787, 'E', '1000030', '臺北花卉批發市場B2', '臺北市內湖區新湖三路28號至36號', '縣市政府', '25.06377300', '121.5767130', '優等級', '無障礙廁所'),
(788, 'E', '1000030', '臺北花卉批發市場A1', '臺北市內湖區新湖三路28號至36號', '縣市政府', '25.06377300', '121.5767130', '優等級', '無障礙廁所'),
(789, 'E', '1000030', '臺北花卉批發市場B1', '臺北市內湖區新湖三路28號至36號', '縣市政府', '25.06377300', '121.5767130', '優等級', '女廁所'),
(790, 'E', '1000030', '臺北花卉批發市場A5', '臺北市內湖區新湖三路28號至36號', '縣市政府', '25.06377300', '121.5767130', '優等級', '女廁所'),
(791, 'E', '1000030', '臺北花卉批發市場A2', '臺北市內湖區新湖三路28號至36號', '縣市政府', '25.06377300', '121.5767130', '優等級', '男廁所'),
(792, 'E', '1000030', '臺北花卉批發市場A3', '臺北市內湖區新湖三路28號至36號', '縣市政府', '25.06377300', '121.5767130', '優等級', '女廁所'),
(793, 'O', '1000030', '摩斯漢堡亞太店', '臺北市內湖區瑞湖街80號', '縣市政府', '25.07257800', '121.5759520', '特優級', '混合廁所'),
(794, 'R', '1000030', '悅家居百貨1F', '臺北市內湖區舊宗路1段150巷25號', '縣市政府', '25.06221200', '121.5764360', '優等級', '女廁所'),
(795, 'R', '1000030', '悅家居百貨3F', '臺北市內湖區舊宗路1段150巷25號', '縣市政府', '25.06221200', '121.5764360', '優等級', '男廁所'),
(796, 'M', '1000030', '大潤發購物中心內湖一店1樓', '臺北市內湖區舊宗路一段128號', '縣市政府', '25.06084200', '121.5782210', '優等級', '女廁所'),
(797, 'M', '1000030', '大潤發購物中心內湖一店B1', '臺北市內湖區舊宗路一段128號', '其他', '25.06084200', '121.5782210', '優等級', '男廁所'),
(798, 'M', '1000030', '大潤發購物中心內湖二店1樓', '臺北市內湖區舊宗路一段188號', '縣市政府', '25.06275800', '121.5769420', '特優級', '男廁所'),
(799, 'M', '1000030', '大潤發購物中心內湖二店2樓', '臺北市內湖區舊宗路一段188號', '縣市政府', '25.06275800', '121.5769420', '特優級', '女廁所'),
(800, 'M', '1000030', '大潤發購物中心內湖二店5樓', '臺北市內湖區舊宗路一段188號', '縣市政府', '25.06275800', '121.5769420', '特優級', '男廁所'),
(801, 'M', '1000030', '好市多購物中心內湖店1樓', '臺北市內湖區舊宗路一段268號', '縣市政府', '25.06394400', '121.5760060', '優等級', '女廁所'),
(802, 'M', '1000030', '好市多購物中心內湖店B2', '臺北市內湖區舊宗路一段268號', '縣市政府', '25.06394400', '121.5760060', '優等級', '男廁所'),
(803, 'M', '1000030', '好市多購物中心內湖店B3', '臺北市內湖區舊宗路一段268號', '縣市政府', '25.06394400', '121.5760060', '優等級', '女廁所'),
(804, 'V', '1000032', '大湖公園游泳池1F', '臺北市內湖區成功路5段31號', '縣市政府', '25.08290000', '121.6039380', '特優級', '男廁所'),
(805, 'G', '1000032', '捷運大湖公園站', '臺北市內湖區成功路五段11號', '縣市政府', '25.08335100', '121.6026580', '特優級', '親子廁所'),
(806, 'A', '1000032', '大湖公園地下停車場', '臺北市內湖區成功路五段7號', '縣市政府', '25.08382500', '121.6019040', '特優級', '女廁所'),
(807, 'S', '1000034', '康寧醫院B2', '臺北市內湖區成功路5段420巷26號', '縣市政府', '25.07595200', '121.6087790', '特優級', '女廁所'),
(808, 'S', '1000034', '康寧醫院B1', '臺北市內湖區成功路5段420巷26號', '縣市政府', '25.07595200', '121.6087790', '特優級', '無障礙廁所'),
(809, 'S', '1000034', '康寧醫院5樓', '臺北市內湖區成功路5段420巷26號', '縣市政府', '25.07595200', '121.6087790', '特優級', '男廁所'),
(810, 'V', '1000037', '葫蘆洲運動公園', '臺北市內湖區安康路 290號', '縣市政府', '25.06433600', '121.6069150', '優等級', '女廁所'),
(811, 'C', '1000037', '台灣中油安康加油站', '臺北市內湖區蘆洲里安康路284號', '經濟部', '25.06410200', '121.6066690', '優等級', '女廁所'),
(812, 'A', '1000038', '西湖公園地下停車場', '台北市內湖區內湖路一段387巷38號B1', '縣市政府', '25.08292000', '121.5702520', '特優級', '男廁所'),
(813, 'A', '1000038', '西湖公園地下停車場', '台北市內湖區內湖路一段387巷38號B1', '縣市政府', '25.08292000', '121.5702520', '特優級', '無障礙廁所'),
(814, 'O', '1000039', '統一星巴克內湖民權門市', '臺北市內湖區民權東路六段182號', '縣市政府', '25.06927400', '121.5920880', '特優級', '混合廁所'),
(815, 'S', '1000039', '三軍總醫院內湖院區B108', '臺北市內湖區成功路二段325號', '國防部', '25.07153800', '121.5900190', '特優級', '男廁所'),
(816, 'S', '1000039', '三軍總醫院內湖院區213-1(二樓牙科登記處旁)', '臺北市內湖區成功路二段325號', '國防部', '25.07153800', '121.5900190', '特優級', '女廁所'),
(817, 'S', '1000039', '三軍總醫院內湖院區214-2(二樓口腔膺復科)', '臺北市內湖區成功路二段325號', '國防部', '25.07153800', '121.5900190', '特優級', '無障礙廁所'),
(818, 'S', '1000039', '三軍總醫院內湖院區120-1(一樓放射貴台旁)', '臺北市內湖區成功路二段325號', '國防部', '25.07153800', '121.5900190', '特優級', '女廁所'),
(819, 'S', '1000039', '三軍總醫院內湖院區124-1(一樓小兒科門診)', '臺北市內湖區成功路二段325號', '國防部', '25.07153800', '121.5900190', '特優級', '女廁所'),
(820, 'S', '1000039', '三軍總醫院內湖院區電腦斷層室1', '臺北市內湖區成功路二段325號', '國防部', '25.07153800', '121.5900190', '特優級', '女廁所'),
(821, 'S', '1000039', '三軍總醫院內湖院區電腦斷層室4', '臺北市內湖區成功路二段325號', '國防部', '25.07153800', '121.5900190', '特優級', '男廁所'),
(822, 'S', '1000039', '三軍總醫院內湖院區112-2(住出轉院櫃臺旁)', '臺北市內湖區成功路二段325號', '國防部', '25.07153800', '121.5900190', '特優級', '男廁所'),
(823, 'S', '1000039', '三軍總醫院內湖院區209性別友善', '臺北市內湖區成功路二段325號', '國防部', '25.07153800', '121.5900190', '特優級', '性別友善廁所'),
(824, 'S', '1000039', '三軍總醫院內湖院區117(一樓門診藥局邊)', '臺北市內湖區成功路二段325號', '國防部', '25.07153800', '121.5900190', '特優級', '混合廁所'),
(825, 'S', '1000039', '三軍總醫院內湖院區119(一樓門診大廳)', '臺北市內湖區成功路二段325號', '國防部', '25.07153800', '121.5900190', '特優級', '男廁所'),
(826, 'S', '1000039', '三軍總醫院內湖院區123(急診大廳)', '臺北市內湖區成功路二段325號', '國防部', '25.07153800', '121.5900190', '特優級', '混合廁所'),
(827, 'S', '1000039', '三軍總醫院內湖院區215(二樓放射診斷登記櫃臺前)', '臺北市內湖區成功路二段325號', '國防部', '25.07153800', '121.5900190', '特優級', '男廁所'),
(828, 'S', '1000039', '三軍總醫院內湖院區B103-1(B1商店大街)', '臺北市內湖區成功路二段325號', '國防部', '25.07153800', '121.5900190', '特優級', '女廁所'),
(829, 'O', '1000040', '麥當勞台北康寧店', '臺北市內湖區康寧路三段168號', '縣市政府', '25.06937100', '121.6119580', '特優級', '男廁所'),
(830, 'T', '1100001', '士林分局', '臺北市士林區文林路235號', '縣市政府', '25.09048600', '121.5267020', '特優級', '女廁所'),
(831, 'E', '1100002', '公有士林市場B3', '臺北市士林區基河路101號', '縣市政府', '25.08786700', '121.5241050', '優等級', '女廁所'),
(832, 'E', '1100002', '公有士林市場1F', '臺北市士林區基河路101號', '縣市政府', '25.08786700', '121.5241050', '優等級', '無障礙廁所'),
(833, 'V', '1100003', '圓山保齡球館左', '臺北市士林區中山北路五段6號', '其他', '25.08234800', '121.5256260', '優等級', '男廁所'),
(834, 'V', '1100003', '圓山保齡球館右', '臺北市士林區中山北路五段6號', '其他', '25.08234800', '121.5256260', '優等級', '女廁所'),
(835, 'A', '1100003', '福林公園地下停車場', '臺北市士林區中正路17號地下', '縣市政府', '25.09580000', '121.5300000', '特優級', '男廁所'),
(836, 'T', '1100003', '私立泰北高級中學B11', '臺北市士林區福林路240號', '縣市政府', '25.09742400', '121.5341680', '特優級', '男廁所'),
(837, 'T', '1100003', '私立泰北高級中學C12', '臺北市士林區福林路240號', '縣市政府', '25.09742400', '121.5341680', '特優級', '男廁所'),
(838, 'T', '1100003', '私立泰北高級中學A42', '臺北市士林區福林路240號', '縣市政府', '25.09742400', '121.5341680', '特優級', '女廁所'),
(839, 'T', '1100003', '私立泰北高級中學A61', '臺北市士林區福林路240號', '縣市政府', '25.09742400', '121.5341680', '特優級', '男廁所'),
(840, 'T', '1100003', '私立泰北高級中學B22', '臺北市士林區福林路240號', '縣市政府', '25.09742400', '121.5341680', '特優級', '女廁所'),
(841, 'T', '1100003', '私立泰北高級中學B41', '臺北市士林區福林路240號', '縣市政府', '25.09742400', '121.5341680', '特優級', '男廁所'),
(842, 'T', '1100003', '私立泰北高級中學C21', '臺北市士林區福林路240號', '縣市政府', '25.09742400', '121.5341680', '特優級', '男廁所'),
(843, 'T', '1100003', '東吳大學B121-2', '臺北市士林區臨溪路70號', '其他', '25.09204300', '121.5443500', '特優級', '男廁所'),
(844, 'T', '1100003', '東吳大學B212-3', '臺北市士林區臨溪路70號', '其他', '25.09204300', '121.5443500', '特優級', '女廁所'),
(845, 'T', '1100003', '東吳大學B410', '臺北市士林區臨溪路70號', '其他', '25.09204300', '121.5443500', '特優級', '男廁所'),
(846, 'W', '1100004', '士林運動中心1F', '臺北市士林區士商路1號', '縣市政府', '25.08966800', '121.5214110', '特優級', '無障礙廁所'),
(847, 'W', '1100004', '士林運動中心9F', '臺北市士林區士商路1號', '縣市政府', '25.08966800', '121.5214110', '特優級', '親子廁所'),
(848, 'W', '1100004', '士林運動中心6F', '臺北市士林區士商路1號', '縣市政府', '25.08966800', '121.5214110', '特優級', '女廁所'),
(849, 'W', '1100004', '士林運動中心10F', '臺北市士林區士商路1號', '縣市政府', '25.08966800', '121.5214110', '特優級', '女廁所'),
(850, 'S', '1100004', '新光醫院聖賢樓B1', '臺北市士林區士商路51號', '縣市政府', '25.09082300', '121.5202510', '特優級', '男廁所'),
(851, 'S', '1100004', '新光醫院聖賢樓2F', '臺北市士林區士商路51號', '縣市政府', '25.09082300', '121.5202510', '特優級', '男廁所'),
(852, 'S', '1100004', '新光醫院聖賢樓3F', '臺北市士林區士商路51號', '縣市政府', '25.09082300', '121.5202510', '特優級', '男廁所'),
(853, 'S', '1100004', '新光醫院聖賢樓5F', '臺北市士林區士商路51號', '縣市政府', '25.09082300', '121.5202510', '特優級', '男廁所'),
(854, 'T', '1100004', '士林區公所7F士商右', '臺北市士林區中正路439號', '其他', '25.09280800', '121.5196700', '特優級', '無障礙廁所'),
(855, 'M', '1100004', '特力和樂台北士林店B2', '臺北市士林區基河路258號地下一樓', '縣市政府', '25.09286200', '121.5201480', '特優級', '女廁所'),
(856, 'V', '1100007', '國立臺灣科學教育館1F西', '臺北市士林區士商路189號', '教育部', '25.09537000', '121.5164070', '特優級', '男廁所'),
(857, 'V', '1100007', '國立臺灣科學教育館9F東', '臺北市士林區士商路189號', '教育部', '25.09537000', '121.5164070', '特優級', '無障礙廁所'),
(858, 'V', '1100007', '國立臺灣科學教育館1F西', '臺北市士林區士商路189號', '縣市政府', '25.09598800', '121.5160100', '特優級', '無障礙廁所'),
(859, 'V', '1100007', '國立臺灣科學教育館4F東', '臺北市士林區士商路189號', '縣市政府', '25.09598800', '121.5160100', '特優級', '無障礙廁所'),
(860, 'V', '1100007', '國立臺灣科學教育館5F西', '臺北市士林區士商路189號', '縣市政府', '25.09598800', '121.5160100', '特優級', '親子廁所'),
(861, 'V', '1100007', '國立臺灣科學教育館7F東', '臺北市士林區士商路189號', '縣市政府', '25.09598800', '121.5160100', '特優級', '無障礙廁所'),
(862, 'V', '1100007', '國立臺灣科學教育館8F西', '臺北市士林區士商路189號', '縣市政府', '25.09598800', '121.5160100', '特優級', '親子廁所'),
(863, 'V', '1100007', '國立臺灣科學教育館B2停車場', '臺北市士林區士商路189號', '其他', '25.09537000', '121.5164070', '特優級', '男廁所'),
(864, 'V', '1100007', '國立臺灣科學教育館4F西', '臺北市士林區士商路189號', '其他', '25.09537000', '121.5164070', '特優級', '男廁所'),
(865, 'V', '1100007', '國立臺灣科學教育館5F西', '臺北市士林區士商路189號', '其他', '25.09537000', '121.5164070', '特優級', '女廁所'),
(866, 'V', '1100007', '國立臺灣科學教育館7F東', '臺北市士林區士商路189號', '其他', '25.09537000', '121.5164070', '特優級', '性別友善廁所'),
(867, 'V', '1100007', '國立臺灣科學教育館8西', '臺北市士林區士商路189號', '其他', '25.09537000', '121.5164070', '特優級', '女廁所'),
(868, 'S', '1100007', '新光醫院B1-11', '臺北市士林區文昌路95號', '縣市政府', '25.09642800', '121.5209080', '特優級', '女廁所'),
(869, 'S', '1100007', '新光醫院B1-14', '臺北市士林區文昌路95號', '縣市政府', '25.09642800', '121.5209080', '特優級', '男廁所'),
(870, 'S', '1100007', '新光醫院B1-20', '臺北市士林區文昌路95號', '縣市政府', '25.09642800', '121.5209080', '特優級', '男廁所'),
(871, 'S', '1100007', '新光醫院B2-27', '臺北市士林區文昌路95號', '縣市政府', '25.09642800', '121.5209080', '特優級', '男廁所'),
(872, 'S', '1100007', '新光醫院B2-29', '臺北市士林區文昌路95號', '縣市政府', '25.09642800', '121.5209080', '特優級', '男廁所'),
(873, 'S', '1100007', '新光醫院B2-32', '臺北市士林區文昌路95號', '縣市政府', '25.09642800', '121.5209080', '特優級', '女廁所'),
(874, 'S', '1100007', '新光醫院B2-同新門診中心', '臺北市士林區文昌路95號', '縣市政府', '25.09642800', '121.5209080', '特優級', '男廁所'),
(875, 'V', '1100007', '臺北市立兒童新樂園1F6號大門入口', '臺北市士林區承德路5段55號', '縣市政府', '25.09629700', '121.5160980', '特優級', '男廁所'),
(876, 'V', '1100007', '臺北市立兒童新樂園1F12號歡樂市集廣場', '臺北市士林區承德路5段55號', '縣市政府', '25.09629700', '121.5160980', '特優級', '女廁所'),
(877, 'V', '1100007', '臺北市立兒童新樂園1F13號歡樂市集廣場', '臺北市士林區承德路5段55號', '縣市政府', '25.09629700', '121.5160980', '特優級', '無障礙廁所'),
(878, 'V', '1100007', '臺北市立兒童新樂園1F14號歡樂市集廣場', '臺北市士林區承德路5段55號', '縣市政府', '25.09629700', '121.5160980', '特優級', '男廁所'),
(879, 'V', '1100007', '臺北市立兒童新樂園2F6號員工休息室旁', '臺北市士林區承德路5段55號', '縣市政府', '25.09629700', '121.5160980', '特優級', '無障礙廁所'),
(880, 'V', '1100007', '臺北市立兒童新樂園2F11號商店辦公室旁', '臺北市士林區承德路5段55號', '縣市政府', '25.09629700', '121.5160980', '特優級', '女廁所'),
(881, 'V', '1100007', '臺北市立兒童新樂園2F15號美食街', '臺北市士林區承德路5段55號', '縣市政府', '25.09629700', '121.5160980', '特優級', '女廁所'),
(882, 'V', '1100007', '臺北市立兒童新樂園2F19號停車場', '臺北市士林區承德路5段55號', '縣市政府', '25.09629700', '121.5160980', '特優級', '無障礙廁所'),
(883, 'V', '1100007', '臺北市立兒童新樂園3F9號銀河號下方', '臺北市士林區承德路5段55號', '縣市政府', '25.09629700', '121.5160980', '特優級', '無障礙廁所'),
(884, 'V', '1100007', '臺北市立兒童新樂園3F11號銀河號下方', '臺北市士林區承德路5段55號', '縣市政府', '25.09629700', '121.5160980', '特優級', '男廁所'),
(885, 'V', '1100007', '臺北市立兒童新樂園3F12號銀河號下方', '臺北市士林區承德路5段55號', '縣市政府', '25.09629700', '121.5160980', '特優級', '無障礙廁所'),
(886, 'V', '1100007', '臺北市立兒童新樂園2F17號停車場', '臺北市士林區承德路5段55號', '縣市政府', '25.09629700', '121.5160980', '特優級', '男廁所'),
(887, 'V', '1100007', '天文科學教育館1樓-F', '臺北市士林區基河路363號', '縣市政府', '25.09611207', '121.5189144', '特優級', '女廁所'),
(888, 'V', '1100007', '天文科學教育館3樓-C', '臺北市士林區基河路363號', '縣市政府', '25.09606300', '121.5189650', '特優級', '男廁所'),
(889, 'V', '1100007', '天文科學教育館B1樓-G', '臺北市士林區基河路363號', '縣市政府', '25.09606300', '121.5189650', '特優級', '男廁所'),
(890, 'V', '1100007', '天文科學教育館118', '臺北市士林區基河路363號', '縣市政府', '25.09606300', '121.5189650', '特優級', '無障礙廁所'),
(891, 'V', '1100007', '天文科學教育館220', '臺北市士林區基河路363號', '縣市政府', '25.09606300', '121.5189650', '特優級', '無障礙廁所'),
(892, 'V', '1100007', '天文科學教育館28', '臺北市士林區基河路363號', '縣市政府', '25.09606300', '121.5189650', '特優級', '無障礙廁所'),
(893, 'S', '1100008', '新光醫院1樓-03', '臺北市士林區文昌路95號', '縣市政府', '25.09624100', '121.5202890', '特優級', '男廁所'),
(894, 'C', '1100010', '西歐基河加油站', '臺北市士林區承德路四段200號', '縣市政府', '25.08765200', '121.5219740', '優等級', '男廁所'),
(895, 'E', '1100013', '福華市場', '臺北市士林區通河街323之1號', '縣市政府', '25.08252300', '121.5164770', '優等級', '男廁所'),
(896, 'T', '1100014', '救國團劍潭海外青年活動中心教學3F', '臺北市士林區中山北路四段16號', '其他', '25.07969800', '121.5240090', '特優級', '女廁所'),
(897, 'T', '1100014', '救國團劍潭海外青年活動中心經國3F', '臺北市士林區中山北路四段16號', '其他', '25.07969800', '121.5240090', '特優級', '男廁所'),
(898, 'T', '1100014', '救國團劍潭海外青年活動中心志青1F', '臺北市士林區中山北路四段16號', '其他', '25.07969800', '121.5240090', '優等級', '男廁所'),
(899, 'T', '1100014', '救國團劍潭海外青年活動中心志青2F', '臺北市士林區中山北路四段16號', '其他', '25.07969800', '121.5240090', '優等級', '女廁所'),
(900, 'T', '1100014', '救國團劍潭海外青年活動中心經國1F', '臺北市士林區中山北路四段16號', '其他', '25.07969800', '121.5240090', '特優級', '男廁所'),
(901, 'T', '1100014', '救國團劍潭海外青年活動中心經國2F', '臺北市士林區中山北路四段16號', '其他', '25.07969800', '121.5240090', '特優級', '女廁所'),
(902, 'U', '1100015', '臺北市立圖書館葫蘆堵分館5F', '臺北市士林區延平北路5段136巷1號5樓', '縣市政府', '25.08228400', '121.5107500', '特優級', '無障礙廁所'),
(903, 'U', '1100015', '臺北市立圖書館葫蘆堵分館8F', '臺北市士林區延平北路5段136巷1號5樓', '縣市政府', '25.08228400', '121.5107500', '特優級', '無障礙廁所'),
(904, 'U', '1100015', '臺北市立圖書館葫蘆堵分館9F', '臺北市士林區延平北路5段136巷1號5樓', '縣市政府', '25.08228400', '121.5107500', '特優級', '無障礙廁所'),
(905, 'T', '1100025', '芝山岩派出所', '臺北市士林區仰德大道一段16號', '縣市政府', '25.10282200', '121.5371900', '優等級', '混合廁所'),
(906, 'D', '1100026', '芝山公園1號', '臺北市士林區至誠路一段182號與雨農路交叉口', '縣市政府', '25.10232530', '121.5315396', '特優級', '親子廁所'),
(907, 'B', '1100026', '芝山文化生態綠園展示館2樓', '臺北市士林區雨聲街120號', '縣市政府', '25.10403600', '121.5326850', '特優級', '男廁所'),
(908, 'B', '1100026', '芝山文化生態綠園展示館1樓', '臺北市士林區雨聲街120號', '縣市政府', '25.10403600', '121.5326850', '特優級', '無障礙廁所'),
(909, 'L', '1100026', '全家便利商店臺北市致昇店', '臺北市士林區雨聲街36號', '縣市政府', '25.10208241', '121.5291980', '特優級', '混合廁所'),
(910, 'W', '1100026', '士林區芝山岩區民活動中心', '臺北市士林區雨聲街68號', '縣市政府', '25.10359802', '121.5287407', '特優級', '男廁所'),
(911, 'R', '1100027', 'SOGO百貨台北天母店B2', '臺北市士林區中山北路六段77號', '縣市政府', '25.10468600', '121.5245230', '特優級', '混合廁所'),
(912, 'R', '1100027', 'SOGO百貨台北天母店B4', '臺北市士林區中山北路六段77號', '縣市政府', '25.10468600', '121.5245230', '特優級', '混合廁所'),
(913, 'R', '1100027', 'SOGO百貨台北天母店4F', '臺北市士林區中山北路六段77號', '縣市政府', '25.10468600', '121.5245230', '特優級', '女廁所'),
(914, 'R', '1100027', 'SOGO百貨台北天母店7F', '臺北市士林區中山北路六段77號', '縣市政府', '25.10468600', '121.5245230', '特優級', '女廁所'),
(915, 'R', '1100027', 'SOGO百貨台北天母店8F', '臺北市士林區中山北路六段77號', '縣市政府', '25.10468600', '121.5245230', '特優級', '男廁所'),
(916, 'T', '1100028', '臺北歐洲學校行政3F', '臺北市士林區文林路727號', '縣市政府', '25.10258100', '121.5202240', '特優級', '男廁所'),
(917, 'T', '1100033', '士林地方法院檢察署1F東', '臺北市士林區士東路190號', '其他', '25.11251400', '121.5330800', '優等級', '男廁所'),
(918, 'T', '1100033', '臺灣士林地方法院2樓', '臺北市士林區士東路190號', '其他', '25.11251400', '121.5330800', '特優級', '無障礙廁所'),
(919, 'R', '1100033', '大葉高島屋百貨蘭雅國中旁1樓', '臺北市士林區忠誠路二段55號', '縣市政府', '25.11173500', '121.5313420', '特優級', '親子廁所'),
(920, 'R', '1100033', '大葉高島屋百貨蘭雅國中旁2樓', '臺北市士林區忠誠路二段55號', '縣市政府', '25.11173500', '121.5313420', '特優級', '女廁所'),
(921, 'R', '1100033', '大葉高島屋百貨蘭雅國中旁B1', '臺北市士林區忠誠路二段55號', '縣市政府', '25.11173500', '121.5313420', '特優級', '男廁所'),
(922, 'R', '1100033', '大葉高島屋百貨蘭雅國中旁1樓', '臺北市士林區忠誠路二段55號', '縣市政府', '25.11173500', '121.5313420', '特優級', '男廁所'),
(923, 'V', '1100033', '士林天母棒球場1壘方向1F', '臺北市士林區忠誠路二段77號', '縣市政府', '25.11293400', '121.5324680', '優等級', '女廁所'),
(924, 'V', '1100033', '士林天母棒球場3壘方向1F', '臺北市士林區忠誠路二段77號', '縣市政府', '25.11293400', '121.5324680', '優等級', '女廁所'),
(925, 'V', '1100033', '士林天母棒球場停車場旁', '臺北市士林區忠誠路二段77號', '縣市政府', '25.11293400', '121.5324680', '優等級', '女廁所'),
(926, 'E', '1100034', '公有士東市場2F', '臺北市士林區士東路一段100號', '縣市政府', '25.11190900', '121.5290660', '特優級', '無障礙廁所'),
(927, 'M', '1100035', '家樂福天母店B2', '臺北市士林區德行西路47號', '縣市政府', '25.10554800', '121.5225530', '特優級', '女廁所'),
(928, 'M', '1100035', '家樂福天母店B1', '臺北市士林區德行西路47號', '縣市政府', '25.10554800', '121.5225530', '優等級', '男廁所'),
(929, 'R', '1100036', '新光三越臺北天母店A館2樓', '臺北市士林區天母東路68號', '縣市政府', '25.11795000', '121.5339240', '特優級', '女廁所'),
(930, 'R', '1100036', '新光三越臺北天母店A館4樓', '臺北市士林區天母東路68號', '縣市政府', '25.11795000', '121.5339240', '特優級', '女廁所'),
(931, 'R', '1100036', '新光三越臺北天母店B館B1', '臺北市士林區天母東路68號', '縣市政府', '25.11795000', '121.5339240', '特優級', '男廁所'),
(932, 'L', '1100036', '統一超商臺北市天美門市', '臺北市士林區天母東路8巷98號', '縣市政府', '25.11430500', '121.5301560', '特優級', '混合廁所'),
(933, 'U', '1100040', '臺北市立圖書館天母分館4F', '臺北市士林區中山北路七段154巷6號3樓', '縣市政府', '25.12343800', '121.5329490', '特優級', '無障礙廁所'),
(934, 'L', '1100040', '統一超商臺北市天裕門市', '臺北市士林區中山北路七段156號1樓', '縣市政府', '25.12396700', '121.5326660', '特優級', '混合廁所'),
(935, 'O', '1100040', '摩斯漢堡天母東路店', '臺北市士林區天母東路21號', '縣市政府', '25.11823700', '121.5317860', '特優級', '混合廁所'),
(936, 'O', '1100040', 'SUBWAY天母東路店', '臺北市士林區天母東路31號', '縣市政府', '25.11830100', '121.5319600', '優等級', '混合廁所'),
(937, 'T', '1100046', '中國文化大學體8M1', '臺北市士林區華岡路55號', '其他', '25.13752100', '121.5404050', '特優級', '男廁所'),
(938, 'T', '1100046', '中國文化大學恩2特1', '臺北市士林區華岡路55號', '其他', '25.13752100', '121.5404050', '特優級', '無障礙廁所'),
(939, 'T', '1100050', '翠山派出所', '臺北市士林區中社路一段56號', '縣市政府', '25.10838000', '121.5596850', '優等級', '混合廁所'),
(940, 'D', '1200001', '洲美蜆仔港公園', '臺北市北投區承德路六段329號', '縣市政府', '25.10203869', '121.5120399', '特優級', '女廁所'),
(941, 'G', '1200003', '捷運明德站', '臺北市北投區明德路95號', '縣市政府', '25.10928600', '121.5191550', '特優級', '親子廁所'),
(942, 'E', '1200005', '自強綜合市場', '臺北市北投區自強街125號', '縣市政府', '25.11070100', '121.5147220', '優等級', '混合廁所'),
(943, 'U', '1200006', '臺北市立圖書館石牌分館9F', '臺北市北投區明德路208巷5號3-8樓', '縣市政府', '25.11311200', '121.5226120', '特優級', '女廁所'),
(944, 'S', '1200006', '振興醫院第二醫療大樓B1', '臺北市北投區振興街45號', '縣市政府', '25.11762800', '121.5223740', '特優級', '男廁所');
INSERT INTO `廁所總表` (`To_ID`, `To_Type`, `To_Village`, `To_Name`, `To_Address`, `Administration`, `Latitude`, `Longitude`, `Grade`, `To_Type2`) VALUES
(945, 'S', '1200006', '振興醫院4號', '臺北市北投區振興街45號', '縣市政府', '25.11762800', '121.5223740', '特優級', '女廁所'),
(946, 'S', '1200006', '振興醫院7號', '臺北市北投區振興街45號', '縣市政府', '25.11762800', '121.5223740', '特優級', '無障礙廁所'),
(947, 'B', '1200009', '陽明山國家公園龍鳳谷公園', '臺北市北投區小油坑地質景觀區遊客服務中心', '內政部', '25.14323100', '121.5285980', '特優級', '無障礙廁所'),
(948, 'S', '1200010', '臺北榮民總醫院2門5F', '臺北市北投區石牌路2段201號', '其他', '25.11918200', '121.5191660', '特優級', '男廁所'),
(949, 'S', '1200010', '臺北榮民總醫院3門診7樓東', '臺北市北投區石牌路二段201號', '縣市政府', '25.11916900', '121.5192590', '特優級', '女廁所'),
(950, 'S', '1200010', '臺北榮民總醫院3門診東2F', '臺北市北投區石牌路二段201號', '縣市政府', '25.11916900', '121.5192590', '特優級', '男廁所'),
(951, 'S', '1200010', '臺北榮民總醫院3門診B2', '臺北市北投區石牌路二段201號', '其他', '25.11918200', '121.5191660', '特優級', '男廁所'),
(952, 'S', '1200010', '臺北榮民總醫院3門診B3', '臺北市北投區石牌路二段201號', '其他', '25.11918200', '121.5191660', '特優級', '男廁所'),
(953, 'S', '1200010', '臺北榮民總醫院3門診7樓西', '臺北市北投區石牌路二段201號', '縣市政府', '25.11916900', '121.5192590', '特優級', '女廁所'),
(954, 'S', '1200010', '臺北榮民總醫院3門診東4F', '臺北市北投區石牌路二段201號', '縣市政府', '25.11916900', '121.5192590', '特優級', '親子廁所'),
(955, 'S', '1200010', '臺北榮民總醫院3門診5樓東', '臺北市北投區石牌路二段201號', '縣市政府', '25.11916900', '121.5192590', '特優級', '親子廁所'),
(956, 'S', '1200010', '臺北榮民總醫院3門診6樓西', '臺北市北投區石牌路二段201號', '縣市政府', '25.11916900', '121.5192590', '特優級', '女廁所'),
(957, 'S', '1200010', '臺北榮民總醫院湖畔3F', '臺北市北投區石牌路二段201號', '其他', '25.11916900', '121.5192590', '特優級', '男廁所'),
(958, 'S', '1200010', '臺北榮民總醫院1門2F', '臺北市北投區石牌路二段201號', '其他', '25.11916900', '121.5192590', '特優級', '男廁所'),
(959, 'S', '1200010', '臺北榮民總醫院2門3F', '臺北市北投區石牌路二段201號', '其他', '25.11916900', '121.5192590', '特優級', '女廁所'),
(960, 'S', '1200010', '臺北榮民總醫院2門7F', '臺北市北投區石牌路二段201號', '其他', '25.11916900', '121.5192590', '特優級', '男廁所'),
(961, 'S', '1200010', '臺北榮民總醫院2門8F', '臺北市北投區石牌路二段201號', '其他', '25.11916900', '121.5192590', '特優級', '男廁所'),
(962, 'O', '1200011', '統一星巴克石牌門市', '臺北市北投區石牌路二段74號', '縣市政府', '25.11725200', '121.5140250', '特優級', '混合廁所'),
(963, 'D', '1200013', '石牌公園', '臺北市北投區石牌路一段39巷', '縣市政府', '25.11629700', '121.5102910', '優等級', '女廁所'),
(964, 'W', '1200013', '北投運動中心1F', '臺北市北投區石牌路一段39巷100號', '縣市政府', '25.11647300', '121.5097680', '優等級', '女廁所'),
(965, 'W', '1200013', '北投運動中心2F', '臺北市北投區石牌路一段39巷100號', '縣市政府', '25.11647300', '121.5097680', '優等級', '男廁所'),
(966, 'W', '1200013', '北投運動中心5F', '臺北市北投區石牌路一段39巷100號', '縣市政府', '25.11647300', '121.5097680', '優等級', '女廁所'),
(967, 'O', '1200016', '麥當勞台北承德II店2F', '臺北市北投區承德路七段262號', '縣市政府', '25.11607200', '121.5056690', '特優級', '女廁所'),
(968, 'U', '1200017', '臺北市立圖書館吉利分館5F', '臺北市北投區立農街一段366號5樓', '縣市政府', '25.11930600', '121.5083850', '特優級', '無障礙廁所'),
(969, 'C', '1200018', '車容坊大業加油站', '臺北市北投區大度路2號', '縣市政府', '25.12155000', '121.4985170', '特優級', '混合廁所'),
(970, 'O', '1200019', '北投焚化廠空中旋轉餐廳旋轉台', '臺北市北投區洲美街271號', '縣市政府', '25.11003100', '121.5011110', '特優級', '男廁所'),
(971, 'D', '1200020', '奇岩一號公園親子', '臺北市北投區三合街一段與磺港路交叉口', '縣市政府', '25.12674700', '121.5038620', '特優級', '混合廁所'),
(972, 'D', '1200020', '丹鳳公園', '臺北市北投區公館路255巷19弄20號', '縣市政府', '25.12648054', '121.5100551', '特優級', '女廁所'),
(973, 'T', '1200021', '國稅局北投稽徵所', '臺北市北投區新市街30號3樓', '財政部', '25.13267200', '121.5026910', '特優級', '男廁所'),
(974, 'G', '1200022', '捷運北投站1號出口', '臺北市北投區光明路1號', '縣市政府', '25.13225900', '121.4982520', '特優級', '親子廁所'),
(975, 'O', '1200023', '統一星巴克光明門市', '臺北市北投區光明路218-4號', '縣市政府', '25.13623300', '121.5043900', '優等級', '混合廁所'),
(976, 'B', '1200026', '陽明山國家公園龍鳳谷遊客服務中心', '臺北市北投區小油坑地質景觀區遊客服務中心', '內政部', '25.14308800', '121.5264830', '特優級', '女廁所'),
(977, 'V', '1200026', '北投梅庭', '臺北市北投區中山路6號', '縣市政府', '25.13680000', '121.5082000', '特優級', '男廁所'),
(978, 'S', '1200026', '三軍總醫院北投分院15-1', '臺北市北投區新民路60號', '國防部', '25.14012300', '121.5108000', '特優級', '男廁所'),
(979, 'N', '1200026', '荷豐館溫泉渡假大飯店', '臺北市北投區溫泉路銀光巷1號', '縣市政府', '25.13670500', '121.5131010', '特優級', '男廁所'),
(980, 'V', '1200027', '凱達格蘭文化館4F', '臺北市北投區中山路3-1號', '縣市政府', '25.13716300', '121.5054430', '特優級', '女廁所'),
(981, 'V', '1200027', '凱達格蘭文化館6F', '臺北市北投區中山路3-1號', '縣市政府', '25.13716300', '121.5054430', '特優級', '男廁所'),
(982, 'V', '1200027', '凱達格蘭文化館8F', '臺北市北投區中山路3-1號', '縣市政府', '25.13716300', '121.5054430', '特優級', '女廁所'),
(983, 'V', '1200027', '凱達格蘭文化館9F', '臺北市北投區中山路3-1號', '縣市政府', '25.13716300', '121.5054430', '特優級', '男廁所'),
(984, 'A', '1200027', '七星公園地下停車場', '臺北市北投區光明路225號', '縣市政府', '25.13656400', '121.5041280', '特優級', '無障礙廁所'),
(985, 'A', '1200027', '七星公園地下停車場', '臺北市北投區光明路225號', '縣市政府', '25.13656400', '121.5041280', '特優級', '女廁所'),
(986, 'D', '1200027', '復興公園2號', '臺北市北投區珠海路1號對面', '縣市政府', '25.13932200', '121.5032780', '優等級', '混合廁所'),
(987, 'D', '1200036', '嗄嘮別公園', '臺北市北投區中央北路三段40巷', '縣市政府', '25.13844400', '121.4854340', '特優級', '男廁所'),
(988, 'S', '1200037', '和信治癌中心醫院B2007', '臺北市北投區立德路125號', '縣市政府', '25.12828300', '121.4724140', '優等級', '女廁所'),
(989, 'S', '1200037', '和信治癌中心醫院B1002', '臺北市北投區立德路125號', '縣市政府', '25.12828300', '121.4724140', '優等級', '女廁所'),
(990, 'S', '1200037', '和信治癌中心醫院1001', '臺北市北投區立德路125號', '縣市政府', '25.12828300', '121.4724140', '優等級', '女廁所'),
(991, 'X', '1200038', '關渡玉女宮', '臺北市北投區大度路三段301巷222號', '縣市政府', '25.11740000', '121.4637800', '特優級', '男廁所'),
(992, 'S', '1200038', '臺北市立關渡醫院2-1', '臺北市北投區知行路225巷12號', '縣市政府', '25.12030400', '121.4663860', '特優級', '女廁所'),
(993, 'X', '1200038', '關渡宮菊壽', '臺北市北投區知行路360號', '縣市政府', '25.11811800', '121.4638990', '優等級', '男廁所'),
(994, 'Z', '1200038', '臺北市立浩然敬老院致合1F', '臺北市北投區知行路75號', '縣市政府', '25.11825200', '121.4677150', '優等級', '男廁所'),
(995, 'Z', '1200038', '臺北市立浩然敬老院致合致合1F', '臺北市北投區知行路75號', '縣市政府', '25.11825200', '121.4677150', '優等級', '無障礙廁所'),
(996, 'B', '1200038', '關渡自然公園戶外', '臺北市北投區關渡路55號', '縣市政府', '25.11947700', '121.4696980', '特優級', '女廁所'),
(997, 'B', '1200040', '陽明山中山樓文山堂', '臺北市北投區陽明路2段15號', '教育部', '25.15538400', '121.5525880', '特優級', '男廁所'),
(998, 'B', '1200040', '陽明山中山樓3F', '臺北市北投區陽明路2段15號', '教育部', '25.15538400', '121.5525880', '特優級', '女廁所'),
(999, 'X', '1200041', '安國寺', '臺北市北投區復興三路101巷10號', '縣市政府', '25.14709200', '121.5035430', '特優級', '混合廁所'),
(1000, 'B', '1200042', '陽明山國家公園陽明書屋大忠館1F', '臺北市北投區小油坑地質景觀區遊客服務中心', '內政部', '25.16295200', '121.5409970', '特優級', '男廁所');

-- --------------------------------------------------------

--
-- 資料表結構 `廁所類型對照表`
--

CREATE TABLE `廁所類型對照表` (
  `To_Type` char(1) NOT NULL,
  `Type_Name` varchar(17) DEFAULT NULL
) ENGINE=InnoDB DEFAULT CHARSET=utf8;

--
-- 傾印資料表的資料 `廁所類型對照表`
--

INSERT INTO `廁所類型對照表` (`To_Type`, `Type_Name`) VALUES
('A', '公路車站服務區及休息站'),
('B', '觀光地區及風景區'),
('C', '加油站'),
('D', '公園'),
('E', '市場'),
('F', '鐵路局'),
('G', '捷運車站'),
('H', '高鐵'),
('I', '航空站'),
('L', '超市'),
('M', '量販店'),
('N', '旅館'),
('O', '餐廳'),
('P', '戲院'),
('R', '百貨公司'),
('S', '醫院'),
('T', '各級機關學校'),
('U', '各級社教機關'),
('V', '文化育樂活動場所'),
('W', '民眾團體活動場所'),
('X', '寺廟教堂等宗教活動場所'),
('Y', '公家機關設置供民眾使用者'),
('Z', '公營事業機構設置供民眾使用者及其他');

-- --------------------------------------------------------

--
-- 資料表結構 `評分`
--

CREATE TABLE `評分` (
  `username` varchar(16) CHARACTER SET utf8 NOT NULL,
  `To_ID` int(4) NOT NULL,
  `Time` datetime NOT NULL,
  `Rate` decimal(10,2) NOT NULL
) ENGINE=InnoDB DEFAULT CHARSET=utf8 COLLATE=utf8_unicode_ci;

--
-- 傾印資料表的資料 `評分`
--

INSERT INTO `評分` (`username`, `To_ID`, `Time`, `Rate`) VALUES
('test1', 1, '0000-00-00 00:00:00', '3.00'),
('test1', 2, '0000-00-00 00:00:00', '3.00'),
('test1', 3, '0000-00-00 00:00:00', '3.00'),
('test1', 4, '0000-00-00 00:00:00', '3.00'),
('test1', 5, '0000-00-00 00:00:00', '3.00'),
('test1', 6, '0000-00-00 00:00:00', '3.00'),
('test1', 7, '0000-00-00 00:00:00', '3.00'),
('test1', 8, '0000-00-00 00:00:00', '3.00'),
('test1', 9, '0000-00-00 00:00:00', '3.00'),
('test1', 10, '0000-00-00 00:00:00', '3.00'),
('test1', 11, '0000-00-00 00:00:00', '3.00'),
('test1', 12, '0000-00-00 00:00:00', '3.00'),
('test1', 13, '0000-00-00 00:00:00', '3.00'),
('test1', 14, '0000-00-00 00:00:00', '3.00'),
('test1', 15, '0000-00-00 00:00:00', '3.00'),
('test1', 16, '0000-00-00 00:00:00', '3.00'),
('test1', 17, '0000-00-00 00:00:00', '3.00'),
('test1', 18, '0000-00-00 00:00:00', '3.00'),
('test1', 19, '0000-00-00 00:00:00', '3.00'),
('test1', 20, '0000-00-00 00:00:00', '3.00'),
('test1', 21, '0000-00-00 00:00:00', '3.00'),
('test1', 22, '0000-00-00 00:00:00', '3.00'),
('test1', 23, '0000-00-00 00:00:00', '3.00'),
('test1', 24, '0000-00-00 00:00:00', '3.00'),
('test1', 25, '0000-00-00 00:00:00', '3.00'),
('test1', 26, '0000-00-00 00:00:00', '3.00'),
('test1', 27, '0000-00-00 00:00:00', '3.00'),
('test1', 28, '0000-00-00 00:00:00', '3.00'),
('test1', 29, '0000-00-00 00:00:00', '3.00'),
('test1', 30, '0000-00-00 00:00:00', '3.00'),
('test1', 31, '0000-00-00 00:00:00', '3.00'),
('test1', 32, '0000-00-00 00:00:00', '3.00'),
('test1', 33, '0000-00-00 00:00:00', '3.00'),
('test1', 34, '0000-00-00 00:00:00', '3.00'),
('test1', 35, '0000-00-00 00:00:00', '3.00'),
('test1', 36, '0000-00-00 00:00:00', '3.00'),
('test1', 37, '0000-00-00 00:00:00', '3.00'),
('test1', 38, '0000-00-00 00:00:00', '3.00'),
('test1', 39, '0000-00-00 00:00:00', '3.00'),
('test1', 40, '0000-00-00 00:00:00', '3.00'),
('test1', 41, '0000-00-00 00:00:00', '3.00'),
('test1', 42, '0000-00-00 00:00:00', '3.00'),
('test1', 43, '0000-00-00 00:00:00', '3.00'),
('test1', 44, '0000-00-00 00:00:00', '3.00'),
('test1', 45, '0000-00-00 00:00:00', '3.00'),
('test1', 46, '0000-00-00 00:00:00', '3.00'),
('test1', 47, '0000-00-00 00:00:00', '3.00'),
('test1', 48, '0000-00-00 00:00:00', '3.00'),
('test1', 49, '0000-00-00 00:00:00', '3.00'),
('test1', 50, '0000-00-00 00:00:00', '3.00'),
('test1', 51, '0000-00-00 00:00:00', '3.00'),
('test1', 52, '0000-00-00 00:00:00', '3.00'),
('test1', 53, '0000-00-00 00:00:00', '3.00'),
('test1', 54, '0000-00-00 00:00:00', '3.00'),
('test1', 55, '0000-00-00 00:00:00', '3.00'),
('test1', 56, '0000-00-00 00:00:00', '3.00'),
('test1', 57, '0000-00-00 00:00:00', '3.00'),
('test1', 58, '0000-00-00 00:00:00', '3.00'),
('test1', 59, '0000-00-00 00:00:00', '3.00'),
('test1', 60, '0000-00-00 00:00:00', '3.00'),
('test1', 61, '0000-00-00 00:00:00', '3.00'),
('test1', 62, '0000-00-00 00:00:00', '3.00'),
('test1', 63, '0000-00-00 00:00:00', '3.00'),
('test1', 64, '0000-00-00 00:00:00', '3.00'),
('test1', 65, '0000-00-00 00:00:00', '3.00'),
('test1', 66, '0000-00-00 00:00:00', '3.00'),
('test1', 67, '0000-00-00 00:00:00', '3.00'),
('test1', 68, '0000-00-00 00:00:00', '3.00'),
('test1', 69, '0000-00-00 00:00:00', '3.00'),
('test1', 70, '0000-00-00 00:00:00', '3.00'),
('test1', 71, '0000-00-00 00:00:00', '3.00'),
('test1', 72, '0000-00-00 00:00:00', '3.00'),
('test1', 73, '0000-00-00 00:00:00', '3.00'),
('test1', 74, '0000-00-00 00:00:00', '3.00'),
('test1', 75, '0000-00-00 00:00:00', '3.00'),
('test1', 75, '2021-06-24 10:55:57', '5.00'),
('test1', 75, '2021-06-25 02:16:03', '5.00'),
('test1', 76, '0000-00-00 00:00:00', '3.00'),
('test1', 77, '0000-00-00 00:00:00', '3.00'),
('test1', 78, '0000-00-00 00:00:00', '3.00'),
('test1', 79, '0000-00-00 00:00:00', '3.00'),
('test1', 80, '0000-00-00 00:00:00', '3.00'),
('test1', 81, '0000-00-00 00:00:00', '3.00'),
('test1', 82, '0000-00-00 00:00:00', '3.00'),
('test1', 83, '0000-00-00 00:00:00', '3.00'),
('test1', 84, '0000-00-00 00:00:00', '3.00'),
('test1', 85, '0000-00-00 00:00:00', '3.00'),
('test1', 86, '0000-00-00 00:00:00', '3.00'),
('test1', 87, '0000-00-00 00:00:00', '3.00'),
('test1', 88, '0000-00-00 00:00:00', '3.00'),
('test1', 89, '0000-00-00 00:00:00', '3.00'),
('test1', 90, '0000-00-00 00:00:00', '3.00'),
('test1', 91, '0000-00-00 00:00:00', '3.00'),
('test1', 92, '0000-00-00 00:00:00', '3.00'),
('test1', 93, '0000-00-00 00:00:00', '3.00'),
('test1', 94, '0000-00-00 00:00:00', '3.00'),
('test1', 95, '0000-00-00 00:00:00', '3.00'),
('test1', 96, '0000-00-00 00:00:00', '3.00'),
('test1', 97, '0000-00-00 00:00:00', '3.00'),
('test1', 98, '0000-00-00 00:00:00', '3.00'),
('test1', 99, '0000-00-00 00:00:00', '3.00'),
('test1', 100, '0000-00-00 00:00:00', '3.00'),
('test1', 101, '0000-00-00 00:00:00', '3.00'),
('test1', 102, '0000-00-00 00:00:00', '3.00'),
('test1', 103, '0000-00-00 00:00:00', '3.00'),
('test1', 104, '0000-00-00 00:00:00', '3.00'),
('test1', 105, '0000-00-00 00:00:00', '3.00'),
('test1', 106, '0000-00-00 00:00:00', '3.00'),
('test1', 107, '0000-00-00 00:00:00', '3.00'),
('test1', 108, '0000-00-00 00:00:00', '3.00'),
('test1', 109, '0000-00-00 00:00:00', '3.00'),
('test1', 110, '0000-00-00 00:00:00', '3.00'),
('test1', 111, '0000-00-00 00:00:00', '3.00'),
('test1', 112, '0000-00-00 00:00:00', '3.00'),
('test1', 113, '0000-00-00 00:00:00', '3.00'),
('test1', 114, '0000-00-00 00:00:00', '3.00'),
('test1', 115, '0000-00-00 00:00:00', '3.00'),
('test1', 116, '0000-00-00 00:00:00', '3.00'),
('test1', 117, '0000-00-00 00:00:00', '3.00'),
('test1', 118, '0000-00-00 00:00:00', '3.00'),
('test1', 119, '0000-00-00 00:00:00', '3.00'),
('test1', 120, '0000-00-00 00:00:00', '3.00'),
('test1', 121, '0000-00-00 00:00:00', '3.00'),
('test1', 122, '0000-00-00 00:00:00', '3.00'),
('test1', 123, '0000-00-00 00:00:00', '3.00'),
('test1', 124, '0000-00-00 00:00:00', '3.00'),
('test1', 125, '0000-00-00 00:00:00', '3.00'),
('test1', 126, '0000-00-00 00:00:00', '3.00'),
('test1', 127, '0000-00-00 00:00:00', '3.00'),
('test1', 128, '0000-00-00 00:00:00', '3.00'),
('test1', 129, '0000-00-00 00:00:00', '3.00'),
('test1', 130, '0000-00-00 00:00:00', '3.00'),
('test1', 131, '0000-00-00 00:00:00', '3.00'),
('test1', 132, '0000-00-00 00:00:00', '3.00'),
('test1', 133, '0000-00-00 00:00:00', '3.00'),
('test1', 134, '0000-00-00 00:00:00', '3.00'),
('test1', 135, '0000-00-00 00:00:00', '3.00'),
('test1', 136, '0000-00-00 00:00:00', '3.00'),
('test1', 137, '0000-00-00 00:00:00', '3.00'),
('test1', 138, '0000-00-00 00:00:00', '3.00'),
('test1', 139, '0000-00-00 00:00:00', '3.00'),
('test1', 140, '0000-00-00 00:00:00', '3.00'),
('test1', 141, '0000-00-00 00:00:00', '3.00'),
('test1', 142, '0000-00-00 00:00:00', '3.00'),
('test1', 143, '0000-00-00 00:00:00', '3.00'),
('test1', 144, '0000-00-00 00:00:00', '3.00'),
('test1', 145, '0000-00-00 00:00:00', '3.00'),
('test1', 146, '0000-00-00 00:00:00', '3.00'),
('test1', 147, '0000-00-00 00:00:00', '3.00'),
('test1', 148, '0000-00-00 00:00:00', '3.00'),
('test1', 149, '0000-00-00 00:00:00', '3.00'),
('test1', 150, '0000-00-00 00:00:00', '3.00'),
('test1', 151, '0000-00-00 00:00:00', '3.00'),
('test1', 152, '0000-00-00 00:00:00', '3.00'),
('test1', 153, '0000-00-00 00:00:00', '3.00'),
('test1', 154, '0000-00-00 00:00:00', '3.00'),
('test1', 155, '0000-00-00 00:00:00', '3.00'),
('test1', 156, '0000-00-00 00:00:00', '3.00'),
('test1', 157, '0000-00-00 00:00:00', '3.00'),
('test1', 158, '0000-00-00 00:00:00', '3.00'),
('test1', 159, '0000-00-00 00:00:00', '3.00'),
('test1', 160, '0000-00-00 00:00:00', '3.00'),
('test1', 161, '0000-00-00 00:00:00', '3.00'),
('test1', 162, '0000-00-00 00:00:00', '3.00'),
('test1', 163, '0000-00-00 00:00:00', '3.00'),
('test1', 164, '0000-00-00 00:00:00', '3.00'),
('test1', 165, '0000-00-00 00:00:00', '3.00'),
('test1', 166, '0000-00-00 00:00:00', '3.00'),
('test1', 167, '0000-00-00 00:00:00', '3.00'),
('test1', 168, '0000-00-00 00:00:00', '3.00'),
('test1', 169, '0000-00-00 00:00:00', '3.00'),
('test1', 170, '0000-00-00 00:00:00', '3.00'),
('test1', 171, '0000-00-00 00:00:00', '3.00'),
('test1', 172, '0000-00-00 00:00:00', '3.00'),
('test1', 173, '0000-00-00 00:00:00', '3.00'),
('test1', 174, '0000-00-00 00:00:00', '3.00'),
('test1', 175, '0000-00-00 00:00:00', '3.00'),
('test1', 176, '0000-00-00 00:00:00', '3.00'),
('test1', 177, '0000-00-00 00:00:00', '3.00'),
('test1', 178, '0000-00-00 00:00:00', '3.00'),
('test1', 179, '0000-00-00 00:00:00', '3.00'),
('test1', 180, '0000-00-00 00:00:00', '3.00'),
('test1', 181, '0000-00-00 00:00:00', '3.00'),
('test1', 182, '0000-00-00 00:00:00', '3.00'),
('test1', 183, '0000-00-00 00:00:00', '3.00'),
('test1', 184, '0000-00-00 00:00:00', '3.00'),
('test1', 185, '0000-00-00 00:00:00', '3.00'),
('test1', 186, '0000-00-00 00:00:00', '3.00'),
('test1', 187, '0000-00-00 00:00:00', '3.00'),
('test1', 188, '0000-00-00 00:00:00', '3.00'),
('test1', 189, '0000-00-00 00:00:00', '3.00'),
('test1', 190, '0000-00-00 00:00:00', '3.00'),
('test1', 191, '0000-00-00 00:00:00', '3.00'),
('test1', 192, '0000-00-00 00:00:00', '3.00'),
('test1', 193, '0000-00-00 00:00:00', '3.00'),
('test1', 194, '0000-00-00 00:00:00', '3.00'),
('test1', 195, '0000-00-00 00:00:00', '3.00'),
('test1', 196, '0000-00-00 00:00:00', '3.00'),
('test1', 197, '0000-00-00 00:00:00', '3.00'),
('test1', 198, '0000-00-00 00:00:00', '3.00'),
('test1', 199, '0000-00-00 00:00:00', '3.00'),
('test1', 200, '0000-00-00 00:00:00', '3.00'),
('test1', 201, '0000-00-00 00:00:00', '3.00'),
('test1', 202, '0000-00-00 00:00:00', '3.00'),
('test1', 203, '0000-00-00 00:00:00', '3.00'),
('test1', 204, '0000-00-00 00:00:00', '3.00'),
('test1', 205, '0000-00-00 00:00:00', '3.00'),
('test1', 206, '0000-00-00 00:00:00', '3.00'),
('test1', 207, '0000-00-00 00:00:00', '3.00'),
('test1', 208, '0000-00-00 00:00:00', '3.00'),
('test1', 209, '0000-00-00 00:00:00', '3.00'),
('test1', 210, '0000-00-00 00:00:00', '3.00'),
('test1', 211, '0000-00-00 00:00:00', '3.00'),
('test1', 212, '0000-00-00 00:00:00', '3.00'),
('test1', 213, '0000-00-00 00:00:00', '3.00'),
('test1', 214, '0000-00-00 00:00:00', '3.00'),
('test1', 215, '0000-00-00 00:00:00', '3.00'),
('test1', 216, '0000-00-00 00:00:00', '3.00'),
('test1', 217, '0000-00-00 00:00:00', '3.00'),
('test1', 218, '0000-00-00 00:00:00', '3.00'),
('test1', 219, '0000-00-00 00:00:00', '3.00'),
('test1', 220, '0000-00-00 00:00:00', '3.00'),
('test1', 221, '0000-00-00 00:00:00', '3.00'),
('test1', 222, '0000-00-00 00:00:00', '3.00'),
('test1', 223, '0000-00-00 00:00:00', '3.00'),
('test1', 224, '0000-00-00 00:00:00', '3.00'),
('test1', 225, '0000-00-00 00:00:00', '3.00'),
('test1', 226, '0000-00-00 00:00:00', '3.00'),
('test1', 227, '0000-00-00 00:00:00', '3.00'),
('test1', 228, '0000-00-00 00:00:00', '3.00'),
('test1', 229, '0000-00-00 00:00:00', '3.00'),
('test1', 230, '0000-00-00 00:00:00', '3.00'),
('test1', 231, '0000-00-00 00:00:00', '3.00'),
('test1', 232, '0000-00-00 00:00:00', '3.00'),
('test1', 233, '0000-00-00 00:00:00', '3.00'),
('test1', 234, '0000-00-00 00:00:00', '3.00'),
('test1', 235, '0000-00-00 00:00:00', '3.00'),
('test1', 236, '0000-00-00 00:00:00', '3.00'),
('test1', 237, '0000-00-00 00:00:00', '3.00'),
('test1', 238, '0000-00-00 00:00:00', '3.00'),
('test1', 239, '0000-00-00 00:00:00', '3.00'),
('test1', 240, '0000-00-00 00:00:00', '3.00'),
('test1', 241, '0000-00-00 00:00:00', '3.00'),
('test1', 242, '0000-00-00 00:00:00', '3.00'),
('test1', 243, '0000-00-00 00:00:00', '3.00'),
('test1', 244, '0000-00-00 00:00:00', '3.00'),
('test1', 245, '0000-00-00 00:00:00', '3.00'),
('test1', 246, '0000-00-00 00:00:00', '3.00'),
('test1', 247, '0000-00-00 00:00:00', '3.00'),
('test1', 248, '0000-00-00 00:00:00', '3.00'),
('test1', 249, '0000-00-00 00:00:00', '3.00'),
('test1', 250, '0000-00-00 00:00:00', '3.00'),
('test1', 251, '0000-00-00 00:00:00', '3.00'),
('test1', 252, '0000-00-00 00:00:00', '3.00'),
('test1', 253, '0000-00-00 00:00:00', '3.00'),
('test1', 254, '0000-00-00 00:00:00', '3.00'),
('test1', 255, '0000-00-00 00:00:00', '3.00'),
('test1', 256, '0000-00-00 00:00:00', '3.00'),
('test1', 257, '0000-00-00 00:00:00', '3.00'),
('test1', 258, '0000-00-00 00:00:00', '3.00'),
('test1', 259, '0000-00-00 00:00:00', '3.00'),
('test1', 260, '0000-00-00 00:00:00', '3.00'),
('test1', 261, '0000-00-00 00:00:00', '3.00'),
('test1', 262, '0000-00-00 00:00:00', '3.00'),
('test1', 263, '0000-00-00 00:00:00', '3.00'),
('test1', 264, '0000-00-00 00:00:00', '3.00'),
('test1', 265, '0000-00-00 00:00:00', '3.00'),
('test1', 266, '0000-00-00 00:00:00', '3.00'),
('test1', 267, '0000-00-00 00:00:00', '3.00'),
('test1', 268, '0000-00-00 00:00:00', '3.00'),
('test1', 269, '0000-00-00 00:00:00', '3.00'),
('test1', 270, '0000-00-00 00:00:00', '3.00'),
('test1', 271, '0000-00-00 00:00:00', '3.00'),
('test1', 272, '0000-00-00 00:00:00', '3.00'),
('test1', 273, '0000-00-00 00:00:00', '3.00'),
('test1', 274, '0000-00-00 00:00:00', '3.00'),
('test1', 275, '0000-00-00 00:00:00', '3.00'),
('test1', 276, '0000-00-00 00:00:00', '3.00'),
('test1', 277, '0000-00-00 00:00:00', '3.00'),
('test1', 278, '0000-00-00 00:00:00', '3.00'),
('test1', 279, '0000-00-00 00:00:00', '3.00'),
('test1', 280, '0000-00-00 00:00:00', '3.00'),
('test1', 281, '0000-00-00 00:00:00', '3.00'),
('test1', 282, '0000-00-00 00:00:00', '3.00'),
('test1', 283, '0000-00-00 00:00:00', '3.00'),
('test1', 284, '0000-00-00 00:00:00', '3.00'),
('test1', 285, '0000-00-00 00:00:00', '3.00'),
('test1', 286, '0000-00-00 00:00:00', '3.00'),
('test1', 287, '0000-00-00 00:00:00', '3.00'),
('test1', 288, '0000-00-00 00:00:00', '3.00'),
('test1', 289, '0000-00-00 00:00:00', '3.00'),
('test1', 290, '0000-00-00 00:00:00', '3.00'),
('test1', 291, '0000-00-00 00:00:00', '3.00'),
('test1', 292, '0000-00-00 00:00:00', '3.00'),
('test1', 293, '0000-00-00 00:00:00', '3.00'),
('test1', 294, '0000-00-00 00:00:00', '3.00'),
('test1', 295, '0000-00-00 00:00:00', '3.00'),
('test1', 296, '0000-00-00 00:00:00', '3.00'),
('test1', 297, '0000-00-00 00:00:00', '3.00'),
('test1', 298, '0000-00-00 00:00:00', '3.00'),
('test1', 299, '0000-00-00 00:00:00', '3.00'),
('test1', 300, '0000-00-00 00:00:00', '3.00'),
('test1', 301, '0000-00-00 00:00:00', '3.00'),
('test1', 302, '0000-00-00 00:00:00', '3.00'),
('test1', 303, '0000-00-00 00:00:00', '3.00'),
('test1', 304, '0000-00-00 00:00:00', '3.00'),
('test1', 305, '0000-00-00 00:00:00', '3.00'),
('test1', 306, '0000-00-00 00:00:00', '3.00'),
('test1', 307, '0000-00-00 00:00:00', '3.00'),
('test1', 308, '0000-00-00 00:00:00', '3.00'),
('test1', 309, '0000-00-00 00:00:00', '3.00'),
('test1', 310, '0000-00-00 00:00:00', '3.00'),
('test1', 311, '0000-00-00 00:00:00', '3.00'),
('test1', 312, '0000-00-00 00:00:00', '3.00'),
('test1', 313, '0000-00-00 00:00:00', '3.00'),
('test1', 314, '0000-00-00 00:00:00', '3.00'),
('test1', 315, '0000-00-00 00:00:00', '3.00'),
('test1', 316, '0000-00-00 00:00:00', '3.00'),
('test1', 317, '0000-00-00 00:00:00', '3.00'),
('test1', 318, '0000-00-00 00:00:00', '3.00'),
('test1', 319, '0000-00-00 00:00:00', '3.00'),
('test1', 320, '0000-00-00 00:00:00', '3.00'),
('test1', 321, '0000-00-00 00:00:00', '3.00'),
('test1', 322, '0000-00-00 00:00:00', '3.00'),
('test1', 323, '0000-00-00 00:00:00', '3.00'),
('test1', 324, '0000-00-00 00:00:00', '3.00'),
('test1', 325, '0000-00-00 00:00:00', '3.00'),
('test1', 326, '0000-00-00 00:00:00', '3.00'),
('test1', 327, '0000-00-00 00:00:00', '3.00'),
('test1', 328, '0000-00-00 00:00:00', '3.00'),
('test1', 329, '0000-00-00 00:00:00', '3.00'),
('test1', 330, '0000-00-00 00:00:00', '3.00'),
('test1', 331, '0000-00-00 00:00:00', '3.00'),
('test1', 332, '0000-00-00 00:00:00', '3.00'),
('test1', 333, '0000-00-00 00:00:00', '3.00'),
('test1', 334, '0000-00-00 00:00:00', '3.00'),
('test1', 335, '0000-00-00 00:00:00', '3.00'),
('test1', 336, '0000-00-00 00:00:00', '3.00'),
('test1', 337, '0000-00-00 00:00:00', '3.00'),
('test1', 338, '0000-00-00 00:00:00', '3.00'),
('test1', 339, '0000-00-00 00:00:00', '3.00'),
('test1', 340, '0000-00-00 00:00:00', '3.00'),
('test1', 341, '0000-00-00 00:00:00', '3.00'),
('test1', 342, '0000-00-00 00:00:00', '3.00'),
('test1', 343, '0000-00-00 00:00:00', '3.00'),
('test1', 344, '0000-00-00 00:00:00', '3.00'),
('test1', 345, '0000-00-00 00:00:00', '3.00'),
('test1', 346, '0000-00-00 00:00:00', '3.00'),
('test1', 347, '0000-00-00 00:00:00', '3.00'),
('test1', 348, '0000-00-00 00:00:00', '3.00'),
('test1', 349, '0000-00-00 00:00:00', '3.00'),
('test1', 350, '0000-00-00 00:00:00', '3.00'),
('test1', 351, '0000-00-00 00:00:00', '3.00'),
('test1', 352, '0000-00-00 00:00:00', '3.00'),
('test1', 353, '0000-00-00 00:00:00', '3.00'),
('test1', 354, '0000-00-00 00:00:00', '3.00'),
('test1', 355, '0000-00-00 00:00:00', '3.00'),
('test1', 356, '0000-00-00 00:00:00', '3.00'),
('test1', 357, '0000-00-00 00:00:00', '3.00'),
('test1', 358, '0000-00-00 00:00:00', '3.00'),
('test1', 359, '0000-00-00 00:00:00', '3.00'),
('test1', 360, '0000-00-00 00:00:00', '3.00'),
('test1', 361, '0000-00-00 00:00:00', '3.00'),
('test1', 362, '0000-00-00 00:00:00', '3.00'),
('test1', 363, '0000-00-00 00:00:00', '3.00'),
('test1', 364, '0000-00-00 00:00:00', '3.00'),
('test1', 365, '0000-00-00 00:00:00', '3.00'),
('test1', 366, '0000-00-00 00:00:00', '3.00'),
('test1', 367, '0000-00-00 00:00:00', '3.00'),
('test1', 368, '0000-00-00 00:00:00', '3.00'),
('test1', 369, '0000-00-00 00:00:00', '3.00'),
('test1', 370, '0000-00-00 00:00:00', '3.00'),
('test1', 371, '0000-00-00 00:00:00', '3.00'),
('test1', 372, '0000-00-00 00:00:00', '3.00'),
('test1', 373, '0000-00-00 00:00:00', '3.00'),
('test1', 374, '0000-00-00 00:00:00', '3.00'),
('test1', 375, '0000-00-00 00:00:00', '3.00'),
('test1', 376, '0000-00-00 00:00:00', '3.00'),
('test1', 377, '0000-00-00 00:00:00', '3.00'),
('test1', 378, '0000-00-00 00:00:00', '3.00'),
('test1', 379, '0000-00-00 00:00:00', '3.00'),
('test1', 380, '0000-00-00 00:00:00', '3.00'),
('test1', 381, '0000-00-00 00:00:00', '3.00'),
('test1', 382, '0000-00-00 00:00:00', '3.00'),
('test1', 383, '0000-00-00 00:00:00', '3.00'),
('test1', 384, '0000-00-00 00:00:00', '3.00'),
('test1', 385, '0000-00-00 00:00:00', '3.00'),
('test1', 386, '0000-00-00 00:00:00', '3.00'),
('test1', 387, '0000-00-00 00:00:00', '3.00'),
('test1', 388, '0000-00-00 00:00:00', '3.00'),
('test1', 389, '0000-00-00 00:00:00', '3.00'),
('test1', 390, '0000-00-00 00:00:00', '3.00'),
('test1', 391, '0000-00-00 00:00:00', '3.00'),
('test1', 392, '0000-00-00 00:00:00', '3.00'),
('test1', 393, '0000-00-00 00:00:00', '3.00'),
('test1', 394, '0000-00-00 00:00:00', '3.00'),
('test1', 395, '0000-00-00 00:00:00', '3.00'),
('test1', 396, '0000-00-00 00:00:00', '3.00'),
('test1', 397, '0000-00-00 00:00:00', '3.00'),
('test1', 398, '0000-00-00 00:00:00', '3.00'),
('test1', 399, '0000-00-00 00:00:00', '3.00'),
('test1', 400, '0000-00-00 00:00:00', '3.00'),
('test1', 401, '0000-00-00 00:00:00', '3.00'),
('test1', 402, '0000-00-00 00:00:00', '3.00'),
('test1', 403, '0000-00-00 00:00:00', '3.00'),
('test1', 404, '0000-00-00 00:00:00', '3.00'),
('test1', 405, '0000-00-00 00:00:00', '3.00'),
('test1', 406, '0000-00-00 00:00:00', '3.00'),
('test1', 407, '0000-00-00 00:00:00', '3.00'),
('test1', 408, '0000-00-00 00:00:00', '3.00'),
('test1', 409, '0000-00-00 00:00:00', '3.00'),
('test1', 410, '0000-00-00 00:00:00', '3.00'),
('test1', 411, '0000-00-00 00:00:00', '3.00'),
('test1', 412, '0000-00-00 00:00:00', '3.00'),
('test1', 413, '0000-00-00 00:00:00', '3.00'),
('test1', 414, '0000-00-00 00:00:00', '3.00'),
('test1', 415, '0000-00-00 00:00:00', '3.00'),
('test1', 416, '0000-00-00 00:00:00', '3.00'),
('test1', 417, '0000-00-00 00:00:00', '3.00'),
('test1', 418, '0000-00-00 00:00:00', '3.00'),
('test1', 419, '0000-00-00 00:00:00', '3.00'),
('test1', 420, '0000-00-00 00:00:00', '3.00'),
('test1', 421, '0000-00-00 00:00:00', '3.00'),
('test1', 422, '0000-00-00 00:00:00', '3.00'),
('test1', 423, '0000-00-00 00:00:00', '3.00'),
('test1', 424, '0000-00-00 00:00:00', '3.00'),
('test1', 425, '0000-00-00 00:00:00', '3.00'),
('test1', 426, '0000-00-00 00:00:00', '3.00'),
('test1', 427, '0000-00-00 00:00:00', '3.00'),
('test1', 428, '0000-00-00 00:00:00', '3.00'),
('test1', 429, '0000-00-00 00:00:00', '3.00'),
('test1', 430, '0000-00-00 00:00:00', '3.00'),
('test1', 431, '0000-00-00 00:00:00', '3.00'),
('test1', 432, '0000-00-00 00:00:00', '3.00'),
('test1', 433, '0000-00-00 00:00:00', '3.00'),
('test1', 434, '0000-00-00 00:00:00', '3.00'),
('test1', 435, '0000-00-00 00:00:00', '3.00'),
('test1', 436, '0000-00-00 00:00:00', '3.00'),
('test1', 437, '0000-00-00 00:00:00', '3.00'),
('test1', 438, '0000-00-00 00:00:00', '3.00'),
('test1', 439, '0000-00-00 00:00:00', '3.00'),
('test1', 440, '0000-00-00 00:00:00', '3.00'),
('test1', 441, '0000-00-00 00:00:00', '3.00'),
('test1', 442, '0000-00-00 00:00:00', '3.00'),
('test1', 443, '0000-00-00 00:00:00', '3.00'),
('test1', 444, '0000-00-00 00:00:00', '3.00'),
('test1', 445, '0000-00-00 00:00:00', '3.00'),
('test1', 446, '0000-00-00 00:00:00', '3.00'),
('test1', 447, '0000-00-00 00:00:00', '3.00'),
('test1', 448, '0000-00-00 00:00:00', '3.00'),
('test1', 449, '0000-00-00 00:00:00', '3.00'),
('test1', 450, '0000-00-00 00:00:00', '3.00'),
('test1', 451, '0000-00-00 00:00:00', '3.00'),
('test1', 452, '0000-00-00 00:00:00', '3.00'),
('test1', 453, '0000-00-00 00:00:00', '3.00'),
('test1', 454, '0000-00-00 00:00:00', '3.00'),
('test1', 455, '0000-00-00 00:00:00', '3.00'),
('test1', 456, '0000-00-00 00:00:00', '3.00'),
('test1', 457, '0000-00-00 00:00:00', '3.00'),
('test1', 458, '0000-00-00 00:00:00', '3.00'),
('test1', 459, '0000-00-00 00:00:00', '3.00'),
('test1', 460, '0000-00-00 00:00:00', '3.00'),
('test1', 461, '0000-00-00 00:00:00', '3.00'),
('test1', 462, '0000-00-00 00:00:00', '3.00'),
('test1', 463, '0000-00-00 00:00:00', '3.00'),
('test1', 464, '0000-00-00 00:00:00', '3.00'),
('test1', 465, '0000-00-00 00:00:00', '3.00'),
('test1', 466, '0000-00-00 00:00:00', '3.00'),
('test1', 467, '0000-00-00 00:00:00', '3.00'),
('test1', 468, '0000-00-00 00:00:00', '3.00'),
('test1', 469, '0000-00-00 00:00:00', '3.00'),
('test1', 470, '0000-00-00 00:00:00', '3.00'),
('test1', 471, '0000-00-00 00:00:00', '3.00'),
('test1', 472, '0000-00-00 00:00:00', '3.00'),
('test1', 473, '0000-00-00 00:00:00', '3.00'),
('test1', 474, '0000-00-00 00:00:00', '3.00'),
('test1', 475, '0000-00-00 00:00:00', '3.00'),
('test1', 476, '0000-00-00 00:00:00', '3.00'),
('test1', 477, '0000-00-00 00:00:00', '3.00'),
('test1', 478, '0000-00-00 00:00:00', '3.00'),
('test1', 479, '0000-00-00 00:00:00', '3.00'),
('test1', 480, '0000-00-00 00:00:00', '3.00'),
('test1', 481, '0000-00-00 00:00:00', '3.00'),
('test1', 482, '0000-00-00 00:00:00', '3.00'),
('test1', 483, '0000-00-00 00:00:00', '3.00'),
('test1', 484, '0000-00-00 00:00:00', '3.00'),
('test1', 485, '0000-00-00 00:00:00', '3.00'),
('test1', 486, '0000-00-00 00:00:00', '3.00'),
('test1', 487, '0000-00-00 00:00:00', '3.00'),
('test1', 488, '0000-00-00 00:00:00', '3.00'),
('test1', 489, '0000-00-00 00:00:00', '3.00'),
('test1', 490, '0000-00-00 00:00:00', '3.00'),
('test1', 491, '0000-00-00 00:00:00', '3.00'),
('test1', 492, '0000-00-00 00:00:00', '3.00'),
('test1', 493, '0000-00-00 00:00:00', '3.00'),
('test1', 494, '0000-00-00 00:00:00', '3.00'),
('test1', 495, '0000-00-00 00:00:00', '3.00'),
('test1', 496, '0000-00-00 00:00:00', '3.00'),
('test1', 497, '0000-00-00 00:00:00', '3.00'),
('test1', 498, '0000-00-00 00:00:00', '3.00'),
('test1', 499, '0000-00-00 00:00:00', '3.00'),
('test1', 500, '0000-00-00 00:00:00', '3.00'),
('test1', 501, '0000-00-00 00:00:00', '3.00'),
('test1', 502, '0000-00-00 00:00:00', '3.00'),
('test1', 503, '0000-00-00 00:00:00', '3.00'),
('test1', 504, '0000-00-00 00:00:00', '3.00'),
('test1', 505, '0000-00-00 00:00:00', '3.00'),
('test1', 506, '0000-00-00 00:00:00', '3.00'),
('test1', 507, '0000-00-00 00:00:00', '3.00'),
('test1', 508, '0000-00-00 00:00:00', '3.00'),
('test1', 509, '0000-00-00 00:00:00', '3.00'),
('test1', 510, '0000-00-00 00:00:00', '3.00'),
('test1', 511, '0000-00-00 00:00:00', '3.00'),
('test1', 512, '0000-00-00 00:00:00', '3.00'),
('test1', 513, '0000-00-00 00:00:00', '3.00'),
('test1', 514, '0000-00-00 00:00:00', '3.00'),
('test1', 515, '0000-00-00 00:00:00', '3.00'),
('test1', 516, '0000-00-00 00:00:00', '3.00'),
('test1', 517, '0000-00-00 00:00:00', '3.00'),
('test1', 518, '0000-00-00 00:00:00', '3.00'),
('test1', 519, '0000-00-00 00:00:00', '3.00'),
('test1', 520, '0000-00-00 00:00:00', '3.00'),
('test1', 521, '0000-00-00 00:00:00', '3.00'),
('test1', 522, '0000-00-00 00:00:00', '3.00'),
('test1', 523, '0000-00-00 00:00:00', '3.00'),
('test1', 524, '0000-00-00 00:00:00', '3.00'),
('test1', 525, '0000-00-00 00:00:00', '3.00'),
('test1', 526, '0000-00-00 00:00:00', '3.00'),
('test1', 527, '0000-00-00 00:00:00', '3.00'),
('test1', 528, '0000-00-00 00:00:00', '3.00'),
('test1', 529, '0000-00-00 00:00:00', '3.00'),
('test1', 530, '0000-00-00 00:00:00', '3.00'),
('test1', 531, '0000-00-00 00:00:00', '3.00'),
('test1', 532, '0000-00-00 00:00:00', '3.00'),
('test1', 533, '0000-00-00 00:00:00', '3.00'),
('test1', 534, '0000-00-00 00:00:00', '3.00'),
('test1', 535, '0000-00-00 00:00:00', '3.00'),
('test1', 536, '0000-00-00 00:00:00', '3.00'),
('test1', 537, '0000-00-00 00:00:00', '3.00'),
('test1', 538, '0000-00-00 00:00:00', '3.00'),
('test1', 539, '0000-00-00 00:00:00', '3.00'),
('test1', 540, '0000-00-00 00:00:00', '3.00'),
('test1', 541, '0000-00-00 00:00:00', '3.00'),
('test1', 542, '0000-00-00 00:00:00', '3.00'),
('test1', 543, '0000-00-00 00:00:00', '3.00'),
('test1', 544, '0000-00-00 00:00:00', '3.00'),
('test1', 545, '0000-00-00 00:00:00', '3.00'),
('test1', 546, '0000-00-00 00:00:00', '3.00'),
('test1', 547, '0000-00-00 00:00:00', '3.00'),
('test1', 548, '0000-00-00 00:00:00', '3.00'),
('test1', 549, '0000-00-00 00:00:00', '3.00'),
('test1', 550, '0000-00-00 00:00:00', '3.00'),
('test1', 551, '0000-00-00 00:00:00', '3.00'),
('test1', 552, '0000-00-00 00:00:00', '3.00'),
('test1', 553, '0000-00-00 00:00:00', '3.00'),
('test1', 554, '0000-00-00 00:00:00', '3.00'),
('test1', 555, '0000-00-00 00:00:00', '3.00'),
('test1', 556, '0000-00-00 00:00:00', '3.00'),
('test1', 557, '0000-00-00 00:00:00', '3.00'),
('test1', 558, '0000-00-00 00:00:00', '3.00'),
('test1', 559, '0000-00-00 00:00:00', '3.00'),
('test1', 560, '0000-00-00 00:00:00', '3.00'),
('test1', 561, '0000-00-00 00:00:00', '3.00'),
('test1', 562, '0000-00-00 00:00:00', '3.00'),
('test1', 563, '0000-00-00 00:00:00', '3.00'),
('test1', 564, '0000-00-00 00:00:00', '3.00'),
('test1', 565, '0000-00-00 00:00:00', '3.00'),
('test1', 566, '0000-00-00 00:00:00', '3.00'),
('test1', 567, '0000-00-00 00:00:00', '3.00'),
('test1', 568, '0000-00-00 00:00:00', '3.00'),
('test1', 569, '0000-00-00 00:00:00', '3.00'),
('test1', 570, '0000-00-00 00:00:00', '3.00'),
('test1', 571, '0000-00-00 00:00:00', '3.00'),
('test1', 572, '0000-00-00 00:00:00', '3.00'),
('test1', 573, '0000-00-00 00:00:00', '3.00'),
('test1', 574, '0000-00-00 00:00:00', '3.00'),
('test1', 575, '0000-00-00 00:00:00', '3.00'),
('test1', 576, '0000-00-00 00:00:00', '3.00'),
('test1', 577, '0000-00-00 00:00:00', '3.00'),
('test1', 578, '0000-00-00 00:00:00', '3.00'),
('test1', 579, '0000-00-00 00:00:00', '3.00'),
('test1', 580, '0000-00-00 00:00:00', '3.00'),
('test1', 581, '0000-00-00 00:00:00', '3.00'),
('test1', 582, '0000-00-00 00:00:00', '3.00'),
('test1', 583, '0000-00-00 00:00:00', '3.00'),
('test1', 584, '0000-00-00 00:00:00', '3.00'),
('test1', 585, '0000-00-00 00:00:00', '3.00'),
('test1', 586, '0000-00-00 00:00:00', '3.00'),
('test1', 587, '0000-00-00 00:00:00', '3.00'),
('test1', 588, '0000-00-00 00:00:00', '3.00'),
('test1', 589, '0000-00-00 00:00:00', '3.00'),
('test1', 590, '0000-00-00 00:00:00', '3.00'),
('test1', 591, '0000-00-00 00:00:00', '3.00'),
('test1', 592, '0000-00-00 00:00:00', '3.00'),
('test1', 593, '0000-00-00 00:00:00', '3.00'),
('test1', 594, '0000-00-00 00:00:00', '3.00'),
('test1', 595, '0000-00-00 00:00:00', '3.00'),
('test1', 596, '0000-00-00 00:00:00', '3.00'),
('test1', 597, '0000-00-00 00:00:00', '3.00'),
('test1', 598, '0000-00-00 00:00:00', '3.00'),
('test1', 599, '0000-00-00 00:00:00', '3.00'),
('test1', 600, '0000-00-00 00:00:00', '3.00'),
('test1', 601, '0000-00-00 00:00:00', '3.00'),
('test1', 602, '0000-00-00 00:00:00', '3.00'),
('test1', 603, '0000-00-00 00:00:00', '3.00'),
('test1', 604, '0000-00-00 00:00:00', '3.00'),
('test1', 605, '0000-00-00 00:00:00', '3.00'),
('test1', 606, '0000-00-00 00:00:00', '3.00'),
('test1', 607, '0000-00-00 00:00:00', '3.00'),
('test1', 608, '0000-00-00 00:00:00', '3.00'),
('test1', 609, '0000-00-00 00:00:00', '3.00'),
('test1', 610, '0000-00-00 00:00:00', '3.00'),
('test1', 611, '0000-00-00 00:00:00', '3.00'),
('test1', 612, '0000-00-00 00:00:00', '3.00'),
('test1', 613, '0000-00-00 00:00:00', '3.00'),
('test1', 614, '0000-00-00 00:00:00', '3.00'),
('test1', 615, '0000-00-00 00:00:00', '3.00'),
('test1', 616, '0000-00-00 00:00:00', '3.00'),
('test1', 617, '0000-00-00 00:00:00', '3.00'),
('test1', 618, '0000-00-00 00:00:00', '3.00'),
('test1', 619, '0000-00-00 00:00:00', '3.00'),
('test1', 620, '0000-00-00 00:00:00', '3.00'),
('test1', 621, '0000-00-00 00:00:00', '3.00'),
('test1', 622, '0000-00-00 00:00:00', '3.00'),
('test1', 623, '0000-00-00 00:00:00', '3.00'),
('test1', 624, '0000-00-00 00:00:00', '3.00'),
('test1', 625, '0000-00-00 00:00:00', '3.00'),
('test1', 626, '0000-00-00 00:00:00', '3.00'),
('test1', 627, '0000-00-00 00:00:00', '3.00'),
('test1', 628, '0000-00-00 00:00:00', '3.00'),
('test1', 629, '0000-00-00 00:00:00', '3.00'),
('test1', 630, '0000-00-00 00:00:00', '3.00'),
('test1', 631, '0000-00-00 00:00:00', '3.00'),
('test1', 632, '0000-00-00 00:00:00', '3.00'),
('test1', 633, '0000-00-00 00:00:00', '3.00'),
('test1', 634, '0000-00-00 00:00:00', '3.00'),
('test1', 635, '0000-00-00 00:00:00', '3.00'),
('test1', 636, '0000-00-00 00:00:00', '3.00'),
('test1', 637, '0000-00-00 00:00:00', '3.00'),
('test1', 638, '0000-00-00 00:00:00', '3.00'),
('test1', 639, '0000-00-00 00:00:00', '3.00'),
('test1', 640, '0000-00-00 00:00:00', '3.00'),
('test1', 641, '0000-00-00 00:00:00', '3.00'),
('test1', 642, '0000-00-00 00:00:00', '3.00'),
('test1', 643, '0000-00-00 00:00:00', '3.00'),
('test1', 644, '0000-00-00 00:00:00', '3.00'),
('test1', 645, '0000-00-00 00:00:00', '3.00'),
('test1', 646, '0000-00-00 00:00:00', '3.00'),
('test1', 647, '0000-00-00 00:00:00', '3.00'),
('test1', 648, '0000-00-00 00:00:00', '3.00'),
('test1', 649, '0000-00-00 00:00:00', '3.00'),
('test1', 650, '0000-00-00 00:00:00', '3.00'),
('test1', 651, '0000-00-00 00:00:00', '3.00'),
('test1', 652, '0000-00-00 00:00:00', '3.00'),
('test1', 653, '0000-00-00 00:00:00', '3.00'),
('test1', 654, '0000-00-00 00:00:00', '3.00'),
('test1', 655, '0000-00-00 00:00:00', '3.00'),
('test1', 656, '0000-00-00 00:00:00', '3.00'),
('test1', 657, '0000-00-00 00:00:00', '3.00'),
('test1', 658, '0000-00-00 00:00:00', '3.00'),
('test1', 659, '0000-00-00 00:00:00', '3.00'),
('test1', 660, '0000-00-00 00:00:00', '3.00'),
('test1', 661, '0000-00-00 00:00:00', '3.00'),
('test1', 662, '0000-00-00 00:00:00', '3.00'),
('test1', 663, '0000-00-00 00:00:00', '3.00'),
('test1', 664, '0000-00-00 00:00:00', '3.00'),
('test1', 665, '0000-00-00 00:00:00', '3.00'),
('test1', 666, '0000-00-00 00:00:00', '3.00'),
('test1', 667, '0000-00-00 00:00:00', '3.00'),
('test1', 668, '0000-00-00 00:00:00', '3.00'),
('test1', 669, '0000-00-00 00:00:00', '3.00'),
('test1', 670, '0000-00-00 00:00:00', '3.00'),
('test1', 671, '0000-00-00 00:00:00', '3.00'),
('test1', 672, '0000-00-00 00:00:00', '3.00'),
('test1', 673, '0000-00-00 00:00:00', '3.00'),
('test1', 674, '0000-00-00 00:00:00', '3.00'),
('test1', 675, '0000-00-00 00:00:00', '3.00'),
('test1', 676, '0000-00-00 00:00:00', '3.00'),
('test1', 677, '0000-00-00 00:00:00', '3.00'),
('test1', 678, '0000-00-00 00:00:00', '3.00'),
('test1', 679, '0000-00-00 00:00:00', '3.00'),
('test1', 680, '0000-00-00 00:00:00', '3.00'),
('test1', 681, '0000-00-00 00:00:00', '3.00'),
('test1', 682, '0000-00-00 00:00:00', '3.00'),
('test1', 683, '0000-00-00 00:00:00', '3.00'),
('test1', 684, '0000-00-00 00:00:00', '3.00'),
('test1', 685, '0000-00-00 00:00:00', '3.00'),
('test1', 686, '0000-00-00 00:00:00', '3.00'),
('test1', 687, '0000-00-00 00:00:00', '3.00'),
('test1', 688, '0000-00-00 00:00:00', '3.00'),
('test1', 689, '0000-00-00 00:00:00', '3.00'),
('test1', 690, '0000-00-00 00:00:00', '3.00'),
('test1', 691, '0000-00-00 00:00:00', '3.00'),
('test1', 692, '0000-00-00 00:00:00', '3.00'),
('test1', 693, '0000-00-00 00:00:00', '3.00'),
('test1', 694, '0000-00-00 00:00:00', '3.00'),
('test1', 695, '0000-00-00 00:00:00', '3.00'),
('test1', 696, '0000-00-00 00:00:00', '3.00'),
('test1', 697, '0000-00-00 00:00:00', '3.00'),
('test1', 698, '0000-00-00 00:00:00', '3.00'),
('test1', 699, '0000-00-00 00:00:00', '3.00'),
('test1', 700, '0000-00-00 00:00:00', '3.00'),
('test1', 701, '0000-00-00 00:00:00', '3.00'),
('test1', 702, '0000-00-00 00:00:00', '3.00'),
('test1', 703, '0000-00-00 00:00:00', '3.00'),
('test1', 704, '0000-00-00 00:00:00', '3.00'),
('test1', 705, '0000-00-00 00:00:00', '3.00'),
('test1', 706, '0000-00-00 00:00:00', '3.00'),
('test1', 707, '0000-00-00 00:00:00', '3.00'),
('test1', 708, '0000-00-00 00:00:00', '3.00'),
('test1', 709, '0000-00-00 00:00:00', '3.00'),
('test1', 710, '0000-00-00 00:00:00', '3.00'),
('test1', 711, '0000-00-00 00:00:00', '3.00'),
('test1', 712, '0000-00-00 00:00:00', '3.00'),
('test1', 713, '0000-00-00 00:00:00', '3.00'),
('test1', 714, '0000-00-00 00:00:00', '3.00'),
('test1', 715, '0000-00-00 00:00:00', '3.00'),
('test1', 716, '0000-00-00 00:00:00', '3.00'),
('test1', 717, '0000-00-00 00:00:00', '3.00'),
('test1', 718, '0000-00-00 00:00:00', '3.00'),
('test1', 719, '0000-00-00 00:00:00', '3.00'),
('test1', 720, '0000-00-00 00:00:00', '3.00'),
('test1', 721, '0000-00-00 00:00:00', '3.00'),
('test1', 722, '0000-00-00 00:00:00', '3.00'),
('test1', 723, '0000-00-00 00:00:00', '3.00'),
('test1', 724, '0000-00-00 00:00:00', '3.00'),
('test1', 725, '0000-00-00 00:00:00', '3.00'),
('test1', 726, '0000-00-00 00:00:00', '3.00'),
('test1', 727, '0000-00-00 00:00:00', '3.00'),
('test1', 728, '0000-00-00 00:00:00', '3.00'),
('test1', 729, '0000-00-00 00:00:00', '3.00'),
('test1', 730, '0000-00-00 00:00:00', '3.00'),
('test1', 731, '0000-00-00 00:00:00', '3.00'),
('test1', 732, '0000-00-00 00:00:00', '3.00'),
('test1', 733, '0000-00-00 00:00:00', '3.00'),
('test1', 734, '0000-00-00 00:00:00', '3.00'),
('test1', 735, '0000-00-00 00:00:00', '3.00'),
('test1', 736, '0000-00-00 00:00:00', '3.00'),
('test1', 737, '0000-00-00 00:00:00', '3.00'),
('test1', 738, '0000-00-00 00:00:00', '3.00'),
('test1', 739, '0000-00-00 00:00:00', '3.00'),
('test1', 740, '0000-00-00 00:00:00', '3.00'),
('test1', 741, '0000-00-00 00:00:00', '3.00'),
('test1', 742, '0000-00-00 00:00:00', '3.00'),
('test1', 743, '0000-00-00 00:00:00', '3.00'),
('test1', 744, '0000-00-00 00:00:00', '3.00'),
('test1', 745, '0000-00-00 00:00:00', '3.00'),
('test1', 746, '0000-00-00 00:00:00', '3.00'),
('test1', 747, '0000-00-00 00:00:00', '3.00'),
('test1', 748, '0000-00-00 00:00:00', '3.00'),
('test1', 749, '0000-00-00 00:00:00', '3.00'),
('test1', 750, '0000-00-00 00:00:00', '3.00'),
('test1', 751, '0000-00-00 00:00:00', '3.00'),
('test1', 752, '0000-00-00 00:00:00', '3.00'),
('test1', 753, '0000-00-00 00:00:00', '3.00'),
('test1', 754, '0000-00-00 00:00:00', '3.00'),
('test1', 755, '0000-00-00 00:00:00', '3.00'),
('test1', 756, '0000-00-00 00:00:00', '3.00'),
('test1', 757, '0000-00-00 00:00:00', '3.00'),
('test1', 758, '0000-00-00 00:00:00', '3.00'),
('test1', 759, '0000-00-00 00:00:00', '3.00'),
('test1', 760, '0000-00-00 00:00:00', '3.00'),
('test1', 761, '0000-00-00 00:00:00', '3.00'),
('test1', 762, '0000-00-00 00:00:00', '3.00'),
('test1', 763, '0000-00-00 00:00:00', '3.00'),
('test1', 764, '0000-00-00 00:00:00', '3.00'),
('test1', 765, '0000-00-00 00:00:00', '3.00'),
('test1', 766, '0000-00-00 00:00:00', '3.00'),
('test1', 767, '0000-00-00 00:00:00', '3.00'),
('test1', 768, '0000-00-00 00:00:00', '3.00'),
('test1', 769, '0000-00-00 00:00:00', '3.00'),
('test1', 770, '0000-00-00 00:00:00', '3.00'),
('test1', 771, '0000-00-00 00:00:00', '3.00'),
('test1', 772, '0000-00-00 00:00:00', '3.00'),
('test1', 773, '0000-00-00 00:00:00', '3.00'),
('test1', 774, '0000-00-00 00:00:00', '3.00'),
('test1', 775, '0000-00-00 00:00:00', '3.00'),
('test1', 776, '0000-00-00 00:00:00', '3.00'),
('test1', 777, '0000-00-00 00:00:00', '3.00'),
('test1', 778, '0000-00-00 00:00:00', '3.00'),
('test1', 779, '0000-00-00 00:00:00', '3.00'),
('test1', 780, '0000-00-00 00:00:00', '3.00'),
('test1', 781, '0000-00-00 00:00:00', '3.00'),
('test1', 782, '0000-00-00 00:00:00', '3.00'),
('test1', 783, '0000-00-00 00:00:00', '3.00'),
('test1', 784, '0000-00-00 00:00:00', '3.00'),
('test1', 785, '0000-00-00 00:00:00', '3.00'),
('test1', 786, '0000-00-00 00:00:00', '3.00'),
('test1', 787, '0000-00-00 00:00:00', '3.00'),
('test1', 788, '0000-00-00 00:00:00', '3.00'),
('test1', 789, '0000-00-00 00:00:00', '3.00'),
('test1', 790, '0000-00-00 00:00:00', '3.00'),
('test1', 791, '0000-00-00 00:00:00', '3.00'),
('test1', 792, '0000-00-00 00:00:00', '3.00'),
('test1', 793, '0000-00-00 00:00:00', '3.00'),
('test1', 794, '0000-00-00 00:00:00', '3.00'),
('test1', 795, '0000-00-00 00:00:00', '3.00'),
('test1', 796, '0000-00-00 00:00:00', '3.00'),
('test1', 797, '0000-00-00 00:00:00', '3.00'),
('test1', 798, '0000-00-00 00:00:00', '3.00'),
('test1', 799, '0000-00-00 00:00:00', '3.00'),
('test1', 800, '0000-00-00 00:00:00', '3.00'),
('test1', 801, '0000-00-00 00:00:00', '3.00'),
('test1', 802, '0000-00-00 00:00:00', '3.00'),
('test1', 803, '0000-00-00 00:00:00', '3.00'),
('test1', 804, '0000-00-00 00:00:00', '3.00'),
('test1', 805, '0000-00-00 00:00:00', '3.00'),
('test1', 806, '0000-00-00 00:00:00', '3.00'),
('test1', 807, '0000-00-00 00:00:00', '3.00'),
('test1', 808, '0000-00-00 00:00:00', '3.00'),
('test1', 809, '0000-00-00 00:00:00', '3.00'),
('test1', 810, '0000-00-00 00:00:00', '3.00'),
('test1', 811, '0000-00-00 00:00:00', '3.00'),
('test1', 812, '0000-00-00 00:00:00', '3.00'),
('test1', 813, '0000-00-00 00:00:00', '3.00'),
('test1', 814, '0000-00-00 00:00:00', '3.00'),
('test1', 815, '0000-00-00 00:00:00', '3.00'),
('test1', 816, '0000-00-00 00:00:00', '3.00'),
('test1', 817, '0000-00-00 00:00:00', '3.00'),
('test1', 818, '0000-00-00 00:00:00', '3.00'),
('test1', 819, '0000-00-00 00:00:00', '3.00'),
('test1', 820, '0000-00-00 00:00:00', '3.00'),
('test1', 821, '0000-00-00 00:00:00', '3.00'),
('test1', 822, '0000-00-00 00:00:00', '3.00'),
('test1', 823, '0000-00-00 00:00:00', '3.00'),
('test1', 824, '0000-00-00 00:00:00', '3.00'),
('test1', 825, '0000-00-00 00:00:00', '3.00'),
('test1', 826, '0000-00-00 00:00:00', '3.00'),
('test1', 827, '0000-00-00 00:00:00', '3.00'),
('test1', 828, '0000-00-00 00:00:00', '3.00'),
('test1', 829, '0000-00-00 00:00:00', '3.00'),
('test1', 830, '0000-00-00 00:00:00', '3.00'),
('test1', 831, '0000-00-00 00:00:00', '3.00'),
('test1', 832, '0000-00-00 00:00:00', '3.00'),
('test1', 833, '0000-00-00 00:00:00', '3.00'),
('test1', 834, '0000-00-00 00:00:00', '3.00'),
('test1', 835, '0000-00-00 00:00:00', '3.00'),
('test1', 836, '0000-00-00 00:00:00', '3.00'),
('test1', 837, '0000-00-00 00:00:00', '3.00'),
('test1', 838, '0000-00-00 00:00:00', '3.00'),
('test1', 839, '0000-00-00 00:00:00', '3.00'),
('test1', 840, '0000-00-00 00:00:00', '3.00'),
('test1', 841, '0000-00-00 00:00:00', '3.00'),
('test1', 842, '0000-00-00 00:00:00', '3.00'),
('test1', 843, '0000-00-00 00:00:00', '3.00'),
('test1', 844, '0000-00-00 00:00:00', '3.00'),
('test1', 845, '0000-00-00 00:00:00', '3.00'),
('test1', 846, '0000-00-00 00:00:00', '3.00'),
('test1', 847, '0000-00-00 00:00:00', '3.00'),
('test1', 848, '0000-00-00 00:00:00', '3.00'),
('test1', 849, '0000-00-00 00:00:00', '3.00'),
('test1', 850, '0000-00-00 00:00:00', '3.00'),
('test1', 851, '0000-00-00 00:00:00', '3.00'),
('test1', 852, '0000-00-00 00:00:00', '3.00'),
('test1', 853, '0000-00-00 00:00:00', '3.00'),
('test1', 854, '0000-00-00 00:00:00', '3.00'),
('test1', 855, '0000-00-00 00:00:00', '3.00'),
('test1', 856, '0000-00-00 00:00:00', '3.00'),
('test1', 857, '0000-00-00 00:00:00', '3.00'),
('test1', 858, '0000-00-00 00:00:00', '3.00'),
('test1', 859, '0000-00-00 00:00:00', '3.00'),
('test1', 860, '0000-00-00 00:00:00', '3.00'),
('test1', 861, '0000-00-00 00:00:00', '3.00'),
('test1', 862, '0000-00-00 00:00:00', '3.00'),
('test1', 863, '0000-00-00 00:00:00', '3.00'),
('test1', 864, '0000-00-00 00:00:00', '3.00'),
('test1', 865, '0000-00-00 00:00:00', '3.00'),
('test1', 866, '0000-00-00 00:00:00', '3.00'),
('test1', 867, '0000-00-00 00:00:00', '3.00'),
('test1', 868, '0000-00-00 00:00:00', '3.00'),
('test1', 869, '0000-00-00 00:00:00', '3.00'),
('test1', 870, '0000-00-00 00:00:00', '3.00'),
('test1', 871, '0000-00-00 00:00:00', '3.00'),
('test1', 872, '0000-00-00 00:00:00', '3.00'),
('test1', 873, '0000-00-00 00:00:00', '3.00'),
('test1', 874, '0000-00-00 00:00:00', '3.00'),
('test1', 875, '0000-00-00 00:00:00', '3.00'),
('test1', 876, '0000-00-00 00:00:00', '3.00'),
('test1', 877, '0000-00-00 00:00:00', '3.00'),
('test1', 878, '0000-00-00 00:00:00', '3.00'),
('test1', 879, '0000-00-00 00:00:00', '3.00'),
('test1', 880, '0000-00-00 00:00:00', '3.00'),
('test1', 881, '0000-00-00 00:00:00', '3.00'),
('test1', 882, '0000-00-00 00:00:00', '3.00'),
('test1', 883, '0000-00-00 00:00:00', '3.00'),
('test1', 884, '0000-00-00 00:00:00', '3.00'),
('test1', 885, '0000-00-00 00:00:00', '3.00'),
('test1', 886, '0000-00-00 00:00:00', '3.00'),
('test1', 887, '0000-00-00 00:00:00', '3.00'),
('test1', 888, '0000-00-00 00:00:00', '3.00'),
('test1', 889, '0000-00-00 00:00:00', '3.00'),
('test1', 890, '0000-00-00 00:00:00', '3.00'),
('test1', 891, '0000-00-00 00:00:00', '3.00'),
('test1', 892, '0000-00-00 00:00:00', '3.00'),
('test1', 893, '0000-00-00 00:00:00', '3.00'),
('test1', 894, '0000-00-00 00:00:00', '3.00'),
('test1', 895, '0000-00-00 00:00:00', '3.00'),
('test1', 896, '0000-00-00 00:00:00', '3.00'),
('test1', 897, '0000-00-00 00:00:00', '3.00'),
('test1', 898, '0000-00-00 00:00:00', '3.00'),
('test1', 899, '0000-00-00 00:00:00', '3.00'),
('test1', 900, '0000-00-00 00:00:00', '3.00'),
('test1', 901, '0000-00-00 00:00:00', '3.00'),
('test1', 902, '0000-00-00 00:00:00', '3.00'),
('test1', 903, '0000-00-00 00:00:00', '3.00'),
('test1', 904, '0000-00-00 00:00:00', '3.00'),
('test1', 905, '0000-00-00 00:00:00', '3.00'),
('test1', 906, '0000-00-00 00:00:00', '3.00'),
('test1', 907, '0000-00-00 00:00:00', '3.00'),
('test1', 908, '0000-00-00 00:00:00', '3.00'),
('test1', 909, '0000-00-00 00:00:00', '3.00'),
('test1', 910, '0000-00-00 00:00:00', '3.00'),
('test1', 911, '0000-00-00 00:00:00', '3.00'),
('test1', 912, '0000-00-00 00:00:00', '3.00'),
('test1', 913, '0000-00-00 00:00:00', '3.00'),
('test1', 914, '0000-00-00 00:00:00', '3.00'),
('test1', 915, '0000-00-00 00:00:00', '3.00'),
('test1', 916, '0000-00-00 00:00:00', '3.00'),
('test1', 917, '0000-00-00 00:00:00', '3.00'),
('test1', 918, '0000-00-00 00:00:00', '3.00'),
('test1', 919, '0000-00-00 00:00:00', '3.00'),
('test1', 920, '0000-00-00 00:00:00', '3.00'),
('test1', 921, '0000-00-00 00:00:00', '3.00'),
('test1', 922, '0000-00-00 00:00:00', '3.00'),
('test1', 923, '0000-00-00 00:00:00', '3.00'),
('test1', 924, '0000-00-00 00:00:00', '3.00'),
('test1', 925, '0000-00-00 00:00:00', '3.00'),
('test1', 926, '0000-00-00 00:00:00', '3.00'),
('test1', 927, '0000-00-00 00:00:00', '3.00'),
('test1', 928, '0000-00-00 00:00:00', '3.00'),
('test1', 929, '0000-00-00 00:00:00', '3.00'),
('test1', 930, '0000-00-00 00:00:00', '3.00'),
('test1', 931, '0000-00-00 00:00:00', '3.00'),
('test1', 932, '0000-00-00 00:00:00', '3.00'),
('test1', 933, '0000-00-00 00:00:00', '3.00'),
('test1', 934, '0000-00-00 00:00:00', '3.00'),
('test1', 935, '0000-00-00 00:00:00', '3.00'),
('test1', 936, '0000-00-00 00:00:00', '3.00'),
('test1', 937, '0000-00-00 00:00:00', '3.00'),
('test1', 938, '0000-00-00 00:00:00', '3.00'),
('test1', 939, '0000-00-00 00:00:00', '3.00'),
('test1', 940, '0000-00-00 00:00:00', '3.00'),
('test1', 941, '0000-00-00 00:00:00', '3.00'),
('test1', 942, '0000-00-00 00:00:00', '3.00'),
('test1', 943, '0000-00-00 00:00:00', '3.00'),
('test1', 944, '0000-00-00 00:00:00', '3.00'),
('test1', 945, '0000-00-00 00:00:00', '3.00'),
('test1', 946, '0000-00-00 00:00:00', '3.00'),
('test1', 947, '0000-00-00 00:00:00', '3.00'),
('test1', 948, '0000-00-00 00:00:00', '3.00'),
('test1', 949, '0000-00-00 00:00:00', '3.00'),
('test1', 950, '0000-00-00 00:00:00', '3.00'),
('test1', 951, '0000-00-00 00:00:00', '3.00'),
('test1', 952, '0000-00-00 00:00:00', '3.00'),
('test1', 953, '0000-00-00 00:00:00', '3.00'),
('test1', 954, '0000-00-00 00:00:00', '3.00'),
('test1', 955, '0000-00-00 00:00:00', '3.00'),
('test1', 956, '0000-00-00 00:00:00', '3.00'),
('test1', 957, '0000-00-00 00:00:00', '3.00'),
('test1', 958, '0000-00-00 00:00:00', '3.00'),
('test1', 959, '0000-00-00 00:00:00', '3.00'),
('test1', 960, '0000-00-00 00:00:00', '3.00'),
('test1', 961, '0000-00-00 00:00:00', '3.00'),
('test1', 962, '0000-00-00 00:00:00', '3.00'),
('test1', 963, '0000-00-00 00:00:00', '3.00'),
('test1', 964, '0000-00-00 00:00:00', '3.00'),
('test1', 965, '0000-00-00 00:00:00', '3.00'),
('test1', 966, '0000-00-00 00:00:00', '3.00'),
('test1', 967, '0000-00-00 00:00:00', '3.00'),
('test1', 968, '0000-00-00 00:00:00', '3.00'),
('test1', 969, '0000-00-00 00:00:00', '3.00'),
('test1', 970, '0000-00-00 00:00:00', '3.00'),
('test1', 971, '0000-00-00 00:00:00', '3.00'),
('test1', 972, '0000-00-00 00:00:00', '3.00'),
('test1', 973, '0000-00-00 00:00:00', '3.00'),
('test1', 974, '0000-00-00 00:00:00', '3.00'),
('test1', 975, '0000-00-00 00:00:00', '3.00'),
('test1', 976, '0000-00-00 00:00:00', '3.00'),
('test1', 977, '0000-00-00 00:00:00', '3.00'),
('test1', 978, '0000-00-00 00:00:00', '3.00'),
('test1', 979, '0000-00-00 00:00:00', '3.00'),
('test1', 980, '0000-00-00 00:00:00', '3.00'),
('test1', 981, '0000-00-00 00:00:00', '3.00'),
('test1', 982, '0000-00-00 00:00:00', '3.00'),
('test1', 983, '0000-00-00 00:00:00', '3.00'),
('test1', 984, '0000-00-00 00:00:00', '3.00'),
('test1', 985, '0000-00-00 00:00:00', '3.00'),
('test1', 986, '0000-00-00 00:00:00', '3.00'),
('test1', 987, '0000-00-00 00:00:00', '3.00'),
('test1', 988, '0000-00-00 00:00:00', '3.00'),
('test1', 989, '0000-00-00 00:00:00', '3.00'),
('test1', 990, '0000-00-00 00:00:00', '3.00'),
('test1', 991, '0000-00-00 00:00:00', '3.00'),
('test1', 992, '0000-00-00 00:00:00', '3.00'),
('test1', 993, '0000-00-00 00:00:00', '3.00'),
('test1', 994, '0000-00-00 00:00:00', '3.00'),
('test1', 995, '0000-00-00 00:00:00', '3.00'),
('test1', 996, '0000-00-00 00:00:00', '3.00'),
('test1', 997, '0000-00-00 00:00:00', '3.00'),
('test1', 998, '0000-00-00 00:00:00', '3.00'),
('test1', 999, '0000-00-00 00:00:00', '3.00'),
('test1', 1000, '0000-00-00 00:00:00', '3.00'),
('test5', 62, '2021-06-24 15:58:22', '5.00'),
('test6', 75, '2021-06-24 16:30:47', '5.00');

--
-- 已傾印資料表的索引
--

--
-- 資料表索引 `users`
--
ALTER TABLE `users`
  ADD PRIMARY KEY (`username`);

--
-- 資料表索引 `區碼對照表`
--
ALTER TABLE `區碼對照表`
  ADD PRIMARY KEY (`To_Village`),
  ADD KEY `區里` (`Village`);

--
-- 資料表索引 `區里對照表`
--
ALTER TABLE `區里對照表`
  ADD PRIMARY KEY (`Village`);

--
-- 資料表索引 `報修`
--
ALTER TABLE `報修`
  ADD PRIMARY KEY (`username`,`To_ID`,`Time`),
  ADD KEY `廁所-2` (`To_ID`);

--
-- 資料表索引 `廁所總表`
--
ALTER TABLE `廁所總表`
  ADD PRIMARY KEY (`To_ID`),
  ADD KEY `里碼` (`To_Village`),
  ADD KEY `類型碼` (`To_Type`);

--
-- 資料表索引 `廁所類型對照表`
--
ALTER TABLE `廁所類型對照表`
  ADD PRIMARY KEY (`To_Type`);

--
-- 資料表索引 `評分`
--
ALTER TABLE `評分`
  ADD PRIMARY KEY (`username`,`To_ID`,`Time`),
  ADD KEY `廁所` (`To_ID`);

--
-- 已傾印資料表的限制式
--

--
-- 資料表的限制式 `區碼對照表`
--
ALTER TABLE `區碼對照表`
  ADD CONSTRAINT `區里` FOREIGN KEY (`Village`) REFERENCES `區里對照表` (`Village`);

--
-- 資料表的限制式 `報修`
--
ALTER TABLE `報修`
  ADD CONSTRAINT `使用者-2` FOREIGN KEY (`username`) REFERENCES `users` (`username`),
  ADD CONSTRAINT `廁所-2` FOREIGN KEY (`To_ID`) REFERENCES `廁所總表` (`To_ID`);

--
-- 資料表的限制式 `廁所總表`
--
ALTER TABLE `廁所總表`
  ADD CONSTRAINT `里碼` FOREIGN KEY (`To_Village`) REFERENCES `區碼對照表` (`To_Village`),
  ADD CONSTRAINT `類型碼` FOREIGN KEY (`To_Type`) REFERENCES `廁所類型對照表` (`To_Type`);

--
-- 資料表的限制式 `評分`
--
ALTER TABLE `評分`
  ADD CONSTRAINT `使用者` FOREIGN KEY (`username`) REFERENCES `users` (`username`) ON DELETE CASCADE ON UPDATE CASCADE,
  ADD CONSTRAINT `廁所` FOREIGN KEY (`To_ID`) REFERENCES `廁所總表` (`To_ID`) ON DELETE CASCADE;
COMMIT;

/*!40101 SET CHARACTER_SET_CLIENT=@OLD_CHARACTER_SET_CLIENT */;
/*!40101 SET CHARACTER_SET_RESULTS=@OLD_CHARACTER_SET_RESULTS */;
/*!40101 SET COLLATION_CONNECTION=@OLD_COLLATION_CONNECTION */;
